#,Pokemon,HP,Attack,Defence,Special Attack,Special Defence,Speed,Type A,Type B,Abilities,,
1,bulbasaur,45,49,49,65,65,45,grass,poison,overgrow,chlorophyll,
2,ivysaur,60,62,63,80,80,60,grass,poison,overgrow,chlorophyll,
3,venusaur,80,82,83,100,100,80,grass,poison,overgrow,chlorophyll,
4,charmander,39,52,43,60,50,65,fire,,blaze,solar-power,
5,charmeleon,58,64,58,80,65,80,fire,,blaze,solar-power,
6,charizard,78,84,78,109,85,100,fire,flying,blaze,solar-power,
7,squirtle,44,48,65,50,64,43,water,,torrent,rain-dish,
8,wartortle,59,63,80,65,80,58,water,,torrent,rain-dish,
9,blastoise,79,83,100,85,105,78,water,,torrent,rain-dish,
10,caterpie,45,30,35,20,20,45,bug,,shield-dust,run-away,
11,metapod,50,20,55,25,25,30,bug,,shed-skin,,
12,butterfree,60,45,50,90,80,70,bug,flying,compound-eyes,tinted-lens,
13,weedle,40,35,30,20,20,50,bug,poison,shield-dust,run-away,
14,kakuna,45,25,50,25,25,35,bug,poison,shed-skin,,
15,beedrill,65,90,40,45,80,75,bug,poison,swarm,sniper,
16,pidgey,40,45,40,35,35,56,normal,flying,keen-eye,tangled-feet,big-pecks
17,pidgeotto,63,60,55,50,50,71,normal,flying,keen-eye,tangled-feet,big-pecks
18,pidgeot,83,80,75,70,70,101,normal,flying,keen-eye,tangled-feet,big-pecks
19,rattata,30,56,35,25,35,72,normal,,run-away,guts,hustle
20,raticate,55,81,60,50,70,97,normal,,run-away,guts,hustle
21,spearow,40,60,30,31,31,70,normal,flying,keen-eye,sniper,
22,fearow,65,90,65,61,61,100,normal,flying,keen-eye,sniper,
23,ekans,35,60,44,40,54,55,poison,,intimidate,shed-skin,unnerve
24,arbok,60,95,69,65,79,80,poison,,intimidate,shed-skin,unnerve
25,pikachu,35,55,40,50,50,90,electric,,static,lightning-rod,
26,raichu,60,90,55,90,80,110,electric,,static,lightning-rod,
27,sandshrew,50,75,85,20,30,40,ground,,sand-veil,sand-rush,
28,sandslash,75,100,110,45,55,65,ground,,sand-veil,sand-rush,
29,nidoran-f,55,47,52,40,40,41,poison,,poison-point,rivalry,hustle
30,nidorina,70,62,67,55,55,56,poison,,poison-point,rivalry,hustle
31,nidoqueen,90,92,87,75,85,76,poison,ground,poison-point,rivalry,sheer-force
32,nidoran-m,46,57,40,40,40,50,poison,,poison-point,rivalry,hustle
33,nidorino,61,72,57,55,55,65,poison,,poison-point,rivalry,hustle
34,nidoking,81,102,77,85,75,85,poison,ground,poison-point,rivalry,sheer-force
35,clefairy,70,45,48,60,65,35,fairy,,cute-charm,magic-guard,friend-guard
36,clefable,95,70,73,95,90,60,fairy,,cute-charm,magic-guard,unaware
37,vulpix,38,41,40,50,65,65,fire,,flash-fire,drought,
38,ninetales,73,76,75,81,100,100,fire,,flash-fire,drought,
39,jigglypuff,115,45,20,45,25,20,normal,fairy,cute-charm,competitive,friend-guard
40,wigglytuff,140,70,45,85,50,45,normal,fairy,cute-charm,competitive,frisk
41,zubat,40,45,35,30,40,55,poison,flying,inner-focus,infiltrator,
42,golbat,75,80,70,65,75,90,poison,flying,inner-focus,infiltrator,
43,oddish,45,50,55,75,65,30,grass,poison,chlorophyll,run-away,
44,gloom,60,65,70,85,75,40,grass,poison,chlorophyll,stench,
45,vileplume,75,80,85,110,90,50,grass,poison,chlorophyll,effect-spore,
46,paras,35,70,55,45,55,25,bug,grass,effect-spore,dry-skin,damp
47,parasect,60,95,80,60,80,30,bug,grass,effect-spore,dry-skin,damp
48,venonat,60,55,50,40,55,45,bug,poison,compound-eyes,tinted-lens,run-away
49,venomoth,70,65,60,90,75,90,bug,poison,shield-dust,tinted-lens,wonder-skin
50,diglett,10,55,25,35,45,95,ground,,sand-veil,arena-trap,sand-force
51,dugtrio,35,100,50,50,70,120,ground,,sand-veil,arena-trap,sand-force
52,meowth,40,45,35,40,40,90,normal,,pickup,technician,unnerve
53,persian,65,70,60,65,65,115,normal,,limber,technician,unnerve
54,psyduck,50,52,48,65,50,55,water,,damp,cloud-nine,swift-swim
55,golduck,80,82,78,95,80,85,water,,damp,cloud-nine,swift-swim
56,mankey,40,80,35,35,45,70,fighting,,vital-spirit,anger-point,defiant
57,primeape,65,105,60,60,70,95,fighting,,vital-spirit,anger-point,defiant
58,growlithe,55,70,45,70,50,60,fire,,intimidate,flash-fire,justified
59,arcanine,90,110,80,100,80,95,fire,,intimidate,flash-fire,justified
60,poliwag,40,50,40,40,40,90,water,,water-absorb,damp,swift-swim
61,poliwhirl,65,65,65,50,50,90,water,,water-absorb,damp,swift-swim
62,poliwrath,90,95,95,70,90,70,water,fighting,water-absorb,damp,swift-swim
63,abra,25,20,15,105,55,90,psychic,,synchronize,inner-focus,magic-guard
64,kadabra,40,35,30,120,70,105,psychic,,synchronize,inner-focus,magic-guard
65,alakazam,55,50,45,135,95,120,psychic,,synchronize,inner-focus,magic-guard
66,machop,70,80,50,35,35,35,fighting,,guts,no-guard,steadfast
67,machoke,80,100,70,50,60,45,fighting,,guts,no-guard,steadfast
68,machamp,90,130,80,65,85,55,fighting,,guts,no-guard,steadfast
69,bellsprout,50,75,35,70,30,40,grass,poison,chlorophyll,gluttony,
70,weepinbell,65,90,50,85,45,55,grass,poison,chlorophyll,gluttony,
71,victreebel,80,105,65,100,70,70,grass,poison,chlorophyll,gluttony,
72,tentacool,40,40,35,50,100,70,water,poison,clear-body,liquid-ooze,rain-dish
73,tentacruel,80,70,65,80,120,100,water,poison,clear-body,liquid-ooze,rain-dish
74,geodude,40,80,100,30,30,20,rock,ground,rock-head,sturdy,sand-veil
75,graveler,55,95,115,45,45,35,rock,ground,rock-head,sturdy,sand-veil
76,golem,80,120,130,55,65,45,rock,ground,rock-head,sturdy,sand-veil
77,ponyta,50,85,55,65,65,90,fire,,run-away,flash-fire,flame-body
78,rapidash,65,100,70,80,80,105,fire,,run-away,flash-fire,flame-body
79,slowpoke,90,65,65,40,40,15,water,psychic,oblivious,own-tempo,regenerator
80,slowbro,95,75,110,100,80,30,water,psychic,oblivious,own-tempo,regenerator
81,magnemite,25,35,70,95,55,45,electric,steel,magnet-pull,sturdy,analytic
82,magneton,50,60,95,120,70,70,electric,steel,magnet-pull,sturdy,analytic
83,farfetchd,52,90,55,58,62,60,normal,flying,keen-eye,inner-focus,defiant
84,doduo,35,85,45,35,35,75,normal,flying,run-away,early-bird,tangled-feet
85,dodrio,60,110,70,60,60,110,normal,flying,run-away,early-bird,tangled-feet
86,seel,65,45,55,45,70,45,water,,thick-fat,hydration,ice-body
87,dewgong,90,70,80,70,95,70,water,ice,thick-fat,hydration,ice-body
88,grimer,80,80,50,40,50,25,poison,,stench,sticky-hold,poison-touch
89,muk,105,105,75,65,100,50,poison,,stench,sticky-hold,poison-touch
90,shellder,30,65,100,45,25,40,water,,shell-armor,skill-link,overcoat
91,cloyster,50,95,180,85,45,70,water,ice,shell-armor,skill-link,overcoat
92,gastly,30,35,30,100,35,80,ghost,poison,levitate,,
93,haunter,45,50,45,115,55,95,ghost,poison,levitate,,
94,gengar,60,65,60,130,75,110,ghost,poison,cursed-body,,
95,onix,35,45,160,30,45,70,rock,ground,rock-head,sturdy,weak-armor
96,drowzee,60,48,45,43,90,42,psychic,,insomnia,forewarn,inner-focus
97,hypno,85,73,70,73,115,67,psychic,,insomnia,forewarn,inner-focus
98,krabby,30,105,90,25,25,50,water,,hyper-cutter,shell-armor,sheer-force
99,kingler,55,130,115,50,50,75,water,,hyper-cutter,shell-armor,sheer-force
100,voltorb,40,30,50,55,55,100,electric,,soundproof,static,aftermath
101,electrode,60,50,70,80,80,150,electric,,soundproof,static,aftermath
102,exeggcute,60,40,80,60,45,40,grass,psychic,chlorophyll,harvest,
103,exeggutor,95,95,85,125,75,55,grass,psychic,chlorophyll,harvest,
104,cubone,50,50,95,40,50,35,ground,,rock-head,lightning-rod,battle-armor
105,marowak,60,80,110,50,80,45,ground,,rock-head,lightning-rod,battle-armor
106,hitmonlee,50,120,53,35,110,87,fighting,,limber,reckless,unburden
107,hitmonchan,50,105,79,35,110,76,fighting,,keen-eye,iron-fist,inner-focus
108,lickitung,90,55,75,60,75,30,normal,,own-tempo,oblivious,cloud-nine
109,koffing,40,65,95,60,45,35,poison,,levitate,neutralizing-gas,stench
110,weezing,65,90,120,85,70,60,poison,,levitate,neutralizing-gas,stench
111,rhyhorn,80,85,95,30,30,25,ground,rock,lightning-rod,rock-head,reckless
112,rhydon,105,130,120,45,45,40,ground,rock,lightning-rod,rock-head,reckless
113,chansey,250,5,5,35,105,50,normal,,natural-cure,serene-grace,healer
114,tangela,65,55,115,100,40,60,grass,,chlorophyll,leaf-guard,regenerator
115,kangaskhan,105,95,80,40,80,90,normal,,early-bird,scrappy,inner-focus
116,horsea,30,40,70,70,25,60,water,,swift-swim,sniper,damp
117,seadra,55,65,95,95,45,85,water,,poison-point,sniper,damp
118,goldeen,45,67,60,35,50,63,water,,swift-swim,water-veil,lightning-rod
119,seaking,80,92,65,65,80,68,water,,swift-swim,water-veil,lightning-rod
120,staryu,30,45,55,70,55,85,water,,illuminate,natural-cure,analytic
121,starmie,60,75,85,100,85,115,water,psychic,illuminate,natural-cure,analytic
122,mr-mime,40,45,65,100,120,90,psychic,fairy,soundproof,filter,technician
123,scyther,70,110,80,55,80,105,bug,flying,swarm,technician,steadfast
124,jynx,65,50,35,115,95,95,ice,psychic,oblivious,forewarn,dry-skin
125,electabuzz,65,83,57,95,85,105,electric,,static,vital-spirit,
126,magmar,65,95,57,100,85,93,fire,,flame-body,vital-spirit,
127,pinsir,65,125,100,55,70,85,bug,,hyper-cutter,mold-breaker,moxie
128,tauros,75,100,95,40,70,110,normal,,intimidate,anger-point,sheer-force
129,magikarp,20,10,55,15,20,80,water,,swift-swim,rattled,
130,gyarados,95,125,79,60,100,81,water,flying,intimidate,moxie,
131,lapras,130,85,80,85,95,60,water,ice,water-absorb,shell-armor,hydration
132,ditto,48,48,48,48,48,48,normal,,limber,imposter,
133,eevee,55,55,50,45,65,55,normal,,run-away,adaptability,anticipation
134,vaporeon,130,65,60,110,95,65,water,,water-absorb,hydration,
135,jolteon,65,65,60,110,95,130,electric,,volt-absorb,quick-feet,
136,flareon,65,130,60,95,110,65,fire,,flash-fire,guts,
137,porygon,65,60,70,85,75,40,normal,,trace,download,analytic
138,omanyte,35,40,100,90,55,35,rock,water,swift-swim,shell-armor,weak-armor
139,omastar,70,60,125,115,70,55,rock,water,swift-swim,shell-armor,weak-armor
140,kabuto,30,80,90,55,45,55,rock,water,swift-swim,battle-armor,weak-armor
141,kabutops,60,115,105,65,70,80,rock,water,swift-swim,battle-armor,weak-armor
142,aerodactyl,80,105,65,60,75,130,rock,flying,rock-head,pressure,unnerve
143,snorlax,160,110,65,65,110,30,normal,,immunity,thick-fat,gluttony
144,articuno,90,85,100,95,125,85,ice,flying,pressure,snow-cloak,
145,zapdos,90,90,85,125,90,100,electric,flying,pressure,static,
146,moltres,90,100,90,125,85,90,fire,flying,pressure,flame-body,
147,dratini,41,64,45,50,50,50,dragon,,shed-skin,marvel-scale,
148,dragonair,61,84,65,70,70,70,dragon,,shed-skin,marvel-scale,
149,dragonite,91,134,95,100,100,80,dragon,flying,inner-focus,multiscale,
150,mewtwo,106,110,90,154,90,130,psychic,,pressure,unnerve,
151,mew,100,100,100,100,100,100,psychic,,synchronize,,
152,chikorita,45,49,65,49,65,45,grass,,overgrow,leaf-guard,
153,bayleef,60,62,80,63,80,60,grass,,overgrow,leaf-guard,
154,meganium,80,82,100,83,100,80,grass,,overgrow,leaf-guard,
155,cyndaquil,39,52,43,60,50,65,fire,,blaze,flash-fire,
156,quilava,58,64,58,80,65,80,fire,,blaze,flash-fire,
157,typhlosion,78,84,78,109,85,100,fire,,blaze,flash-fire,
158,totodile,50,65,64,44,48,43,water,,torrent,sheer-force,
159,croconaw,65,80,80,59,63,58,water,,torrent,sheer-force,
160,feraligatr,85,105,100,79,83,78,water,,torrent,sheer-force,
161,sentret,35,46,34,35,45,20,normal,,run-away,keen-eye,frisk
162,furret,85,76,64,45,55,90,normal,,run-away,keen-eye,frisk
163,hoothoot,60,30,30,36,56,50,normal,flying,insomnia,keen-eye,tinted-lens
164,noctowl,100,50,50,86,96,70,normal,flying,insomnia,keen-eye,tinted-lens
165,ledyba,40,20,30,40,80,55,bug,flying,swarm,early-bird,rattled
166,ledian,55,35,50,55,110,85,bug,flying,swarm,early-bird,iron-fist
167,spinarak,40,60,40,40,40,30,bug,poison,swarm,insomnia,sniper
168,ariados,70,90,70,60,70,40,bug,poison,swarm,insomnia,sniper
169,crobat,85,90,80,70,80,130,poison,flying,inner-focus,infiltrator,
170,chinchou,75,38,38,56,56,67,water,electric,volt-absorb,illuminate,water-absorb
171,lanturn,125,58,58,76,76,67,water,electric,volt-absorb,illuminate,water-absorb
172,pichu,20,40,15,35,35,60,electric,,static,lightning-rod,
173,cleffa,50,25,28,45,55,15,fairy,,cute-charm,magic-guard,friend-guard
174,igglybuff,90,30,15,40,20,15,normal,fairy,cute-charm,competitive,friend-guard
175,togepi,35,20,65,40,65,20,fairy,,hustle,serene-grace,super-luck
176,togetic,55,40,85,80,105,40,fairy,flying,hustle,serene-grace,super-luck
177,natu,40,50,45,70,45,70,psychic,flying,synchronize,early-bird,magic-bounce
178,xatu,65,75,70,95,70,95,psychic,flying,synchronize,early-bird,magic-bounce
179,mareep,55,40,40,65,45,35,electric,,static,plus,
180,flaaffy,70,55,55,80,60,45,electric,,static,plus,
181,ampharos,90,75,85,115,90,55,electric,,static,plus,
182,bellossom,75,80,95,90,100,50,grass,,chlorophyll,healer,
183,marill,70,20,50,20,50,40,water,fairy,thick-fat,huge-power,sap-sipper
184,azumarill,100,50,80,60,80,50,water,fairy,thick-fat,huge-power,sap-sipper
185,sudowoodo,70,100,115,30,65,30,rock,,sturdy,rock-head,rattled
186,politoed,90,75,75,90,100,70,water,,water-absorb,damp,drizzle
187,hoppip,35,35,40,35,55,50,grass,flying,chlorophyll,leaf-guard,infiltrator
188,skiploom,55,45,50,45,65,80,grass,flying,chlorophyll,leaf-guard,infiltrator
189,jumpluff,75,55,70,55,95,110,grass,flying,chlorophyll,leaf-guard,infiltrator
190,aipom,55,70,55,40,55,85,normal,,run-away,pickup,skill-link
191,sunkern,30,30,30,30,30,30,grass,,chlorophyll,solar-power,early-bird
192,sunflora,75,75,55,105,85,30,grass,,chlorophyll,solar-power,early-bird
193,yanma,65,65,45,75,45,95,bug,flying,speed-boost,compound-eyes,frisk
194,wooper,55,45,45,25,25,15,water,ground,damp,water-absorb,unaware
195,quagsire,95,85,85,65,65,35,water,ground,damp,water-absorb,unaware
196,espeon,65,65,60,130,95,110,psychic,,synchronize,magic-bounce,
197,umbreon,95,65,110,60,130,65,dark,,synchronize,inner-focus,
198,murkrow,60,85,42,85,42,91,dark,flying,insomnia,super-luck,prankster
199,slowking,95,75,80,100,110,30,water,psychic,oblivious,own-tempo,regenerator
200,misdreavus,60,60,60,85,85,85,ghost,,levitate,,
201,unown,48,72,48,72,48,48,psychic,,levitate,,
202,wobbuffet,190,33,58,33,58,33,psychic,,shadow-tag,telepathy,
203,girafarig,70,80,65,90,65,85,normal,psychic,inner-focus,early-bird,sap-sipper
204,pineco,50,65,90,35,35,15,bug,,sturdy,overcoat,
205,forretress,75,90,140,60,60,40,bug,steel,sturdy,overcoat,
206,dunsparce,100,70,70,65,65,45,normal,,serene-grace,run-away,rattled
207,gligar,65,75,105,35,65,85,ground,flying,hyper-cutter,sand-veil,immunity
208,steelix,75,85,200,55,65,30,steel,ground,rock-head,sturdy,sheer-force
209,snubbull,60,80,50,40,40,30,fairy,,intimidate,run-away,rattled
210,granbull,90,120,75,60,60,45,fairy,,intimidate,quick-feet,rattled
211,qwilfish,65,95,85,55,55,85,water,poison,poison-point,swift-swim,intimidate
212,scizor,70,130,100,55,80,65,bug,steel,swarm,technician,light-metal
213,shuckle,20,10,230,10,230,5,bug,rock,sturdy,gluttony,contrary
214,heracross,80,125,75,40,95,85,bug,fighting,swarm,guts,moxie
215,sneasel,55,95,55,35,75,115,dark,ice,inner-focus,keen-eye,pickpocket
216,teddiursa,60,80,50,50,50,40,normal,,pickup,quick-feet,honey-gather
217,ursaring,90,130,75,75,75,55,normal,,guts,quick-feet,unnerve
218,slugma,40,40,40,70,40,20,fire,,magma-armor,flame-body,weak-armor
219,magcargo,60,50,120,90,80,30,fire,rock,magma-armor,flame-body,weak-armor
220,swinub,50,50,40,30,30,50,ice,ground,oblivious,snow-cloak,thick-fat
221,piloswine,100,100,80,60,60,50,ice,ground,oblivious,snow-cloak,thick-fat
222,corsola,65,55,95,65,95,35,water,rock,hustle,natural-cure,regenerator
223,remoraid,35,65,35,65,35,65,water,,hustle,sniper,moody
224,octillery,75,105,75,105,75,45,water,,suction-cups,sniper,moody
225,delibird,45,55,45,65,45,75,ice,flying,vital-spirit,hustle,insomnia
226,mantine,85,40,70,80,140,70,water,flying,swift-swim,water-absorb,water-veil
227,skarmory,65,80,140,40,70,70,steel,flying,keen-eye,sturdy,weak-armor
228,houndour,45,60,30,80,50,65,dark,fire,early-bird,flash-fire,unnerve
229,houndoom,75,90,50,110,80,95,dark,fire,early-bird,flash-fire,unnerve
230,kingdra,75,95,95,95,95,85,water,dragon,swift-swim,sniper,damp
231,phanpy,90,60,60,40,40,40,ground,,pickup,sand-veil,
232,donphan,90,120,120,60,60,50,ground,,sturdy,sand-veil,
233,porygon2,85,80,90,105,95,60,normal,,trace,download,analytic
234,stantler,73,95,62,85,65,85,normal,,intimidate,frisk,sap-sipper
235,smeargle,55,20,35,20,45,75,normal,,own-tempo,technician,moody
236,tyrogue,35,35,35,35,35,35,fighting,,guts,steadfast,vital-spirit
237,hitmontop,50,95,95,35,110,70,fighting,,intimidate,technician,steadfast
238,smoochum,45,30,15,85,65,65,ice,psychic,oblivious,forewarn,hydration
239,elekid,45,63,37,65,55,95,electric,,static,vital-spirit,
240,magby,45,75,37,70,55,83,fire,,flame-body,vital-spirit,
241,miltank,95,80,105,40,70,100,normal,,thick-fat,scrappy,sap-sipper
242,blissey,255,10,10,75,135,55,normal,,natural-cure,serene-grace,healer
243,raikou,90,85,75,115,100,115,electric,,pressure,inner-focus,
244,entei,115,115,85,90,75,100,fire,,pressure,inner-focus,
245,suicune,100,75,115,90,115,85,water,,pressure,inner-focus,
246,larvitar,50,64,50,45,50,41,rock,ground,guts,sand-veil,
247,pupitar,70,84,70,65,70,51,rock,ground,shed-skin,,
248,tyranitar,100,134,110,95,100,61,rock,dark,sand-stream,unnerve,
249,lugia,106,90,130,90,154,110,psychic,flying,pressure,multiscale,
250,ho-oh,106,130,90,110,154,90,fire,flying,pressure,regenerator,
251,celebi,100,100,100,100,100,100,psychic,grass,natural-cure,,
252,treecko,40,45,35,65,55,70,grass,,overgrow,unburden,
253,grovyle,50,65,45,85,65,95,grass,,overgrow,unburden,
254,sceptile,70,85,65,105,85,120,grass,,overgrow,unburden,
255,torchic,45,60,40,70,50,45,fire,,blaze,speed-boost,
256,combusken,60,85,60,85,60,55,fire,fighting,blaze,speed-boost,
257,blaziken,80,120,70,110,70,80,fire,fighting,blaze,speed-boost,
258,mudkip,50,70,50,50,50,40,water,,torrent,damp,
259,marshtomp,70,85,70,60,70,50,water,ground,torrent,damp,
260,swampert,100,110,90,85,90,60,water,ground,torrent,damp,
261,poochyena,35,55,35,30,30,35,dark,,run-away,quick-feet,rattled
262,mightyena,70,90,70,60,60,70,dark,,intimidate,quick-feet,moxie
263,zigzagoon,38,30,41,30,41,60,normal,,pickup,gluttony,quick-feet
264,linoone,78,70,61,50,61,100,normal,,pickup,gluttony,quick-feet
265,wurmple,45,45,35,20,30,20,bug,,shield-dust,run-away,
266,silcoon,50,35,55,25,25,15,bug,,shed-skin,,
267,beautifly,60,70,50,100,50,65,bug,flying,swarm,rivalry,
268,cascoon,50,35,55,25,25,15,bug,,shed-skin,,
269,dustox,60,50,70,50,90,65,bug,poison,shield-dust,compound-eyes,
270,lotad,40,30,30,40,50,30,water,grass,swift-swim,rain-dish,own-tempo
271,lombre,60,50,50,60,70,50,water,grass,swift-swim,rain-dish,own-tempo
272,ludicolo,80,70,70,90,100,70,water,grass,swift-swim,rain-dish,own-tempo
273,seedot,40,40,50,30,30,30,grass,,chlorophyll,early-bird,pickpocket
274,nuzleaf,70,70,40,60,40,60,grass,dark,chlorophyll,early-bird,pickpocket
275,shiftry,90,100,60,90,60,80,grass,dark,chlorophyll,wind-rider,pickpocket
276,taillow,40,55,30,30,30,85,normal,flying,guts,scrappy,
277,swellow,60,85,60,75,50,125,normal,flying,guts,scrappy,
278,wingull,40,30,30,55,30,85,water,flying,keen-eye,hydration,rain-dish
279,pelipper,60,50,100,95,70,65,water,flying,keen-eye,drizzle,rain-dish
280,ralts,28,25,25,45,35,40,psychic,fairy,synchronize,trace,telepathy
281,kirlia,38,35,35,65,55,50,psychic,fairy,synchronize,trace,telepathy
282,gardevoir,68,65,65,125,115,80,psychic,fairy,synchronize,trace,telepathy
283,surskit,40,30,32,50,52,65,bug,water,swift-swim,rain-dish,
284,masquerain,70,60,62,100,82,80,bug,flying,intimidate,unnerve,
285,shroomish,60,40,60,40,60,35,grass,,effect-spore,poison-heal,quick-feet
286,breloom,60,130,80,60,60,70,grass,fighting,effect-spore,poison-heal,technician
287,slakoth,60,60,60,35,35,30,normal,,truant,,
288,vigoroth,80,80,80,55,55,90,normal,,vital-spirit,,
289,slaking,150,160,100,95,65,100,normal,,truant,,
290,nincada,31,45,90,30,30,40,bug,ground,compound-eyes,run-away,
291,ninjask,61,90,45,50,50,160,bug,flying,speed-boost,infiltrator,
292,shedinja,1,90,45,30,30,40,bug,ghost,wonder-guard,,
293,whismur,64,51,23,51,23,28,normal,,soundproof,rattled,
294,loudred,84,71,43,71,43,48,normal,,soundproof,scrappy,
295,exploud,104,91,63,91,73,68,normal,,soundproof,scrappy,
296,makuhita,72,60,30,20,30,25,fighting,,thick-fat,guts,sheer-force
297,hariyama,144,120,60,40,60,50,fighting,,thick-fat,guts,sheer-force
298,azurill,50,20,40,20,40,20,normal,fairy,thick-fat,huge-power,sap-sipper
299,nosepass,30,45,135,45,90,30,rock,,sturdy,magnet-pull,sand-force
300,skitty,50,45,45,35,35,50,normal,,cute-charm,normalize,wonder-skin
301,delcatty,70,65,65,55,55,90,normal,,cute-charm,normalize,wonder-skin
302,sableye,50,75,75,65,65,50,dark,ghost,keen-eye,stall,prankster
303,mawile,50,85,85,55,55,50,steel,fairy,hyper-cutter,intimidate,sheer-force
304,aron,50,70,100,40,40,30,steel,rock,sturdy,rock-head,heavy-metal
305,lairon,60,90,140,50,50,40,steel,rock,sturdy,rock-head,heavy-metal
306,aggron,70,110,180,60,60,50,steel,rock,sturdy,rock-head,heavy-metal
307,meditite,30,40,55,40,55,60,fighting,psychic,pure-power,telepathy,
308,medicham,60,60,75,60,75,80,fighting,psychic,pure-power,telepathy,
309,electrike,40,45,40,65,40,65,electric,,static,lightning-rod,minus
310,manectric,70,75,60,105,60,105,electric,,static,lightning-rod,minus
311,plusle,60,50,40,85,75,95,electric,,plus,lightning-rod,
312,minun,60,40,50,75,85,95,electric,,minus,volt-absorb,
313,volbeat,65,73,75,47,85,85,bug,,illuminate,swarm,prankster
314,illumise,65,47,75,73,85,85,bug,,oblivious,tinted-lens,prankster
315,roselia,50,60,45,100,80,65,grass,poison,natural-cure,poison-point,leaf-guard
316,gulpin,70,43,53,43,53,40,poison,,liquid-ooze,sticky-hold,gluttony
317,swalot,100,73,83,73,83,55,poison,,liquid-ooze,sticky-hold,gluttony
318,carvanha,45,90,20,65,20,65,water,dark,rough-skin,speed-boost,
319,sharpedo,70,120,40,95,40,95,water,dark,rough-skin,speed-boost,
320,wailmer,130,70,35,70,35,60,water,,water-veil,oblivious,pressure
321,wailord,170,90,45,90,45,60,water,,water-veil,oblivious,pressure
322,numel,60,60,40,65,45,35,fire,ground,oblivious,simple,own-tempo
323,camerupt,70,100,70,105,75,40,fire,ground,magma-armor,solid-rock,anger-point
324,torkoal,70,85,140,85,70,20,fire,,white-smoke,drought,shell-armor
325,spoink,60,25,35,70,80,60,psychic,,thick-fat,own-tempo,gluttony
326,grumpig,80,45,65,90,110,80,psychic,,thick-fat,own-tempo,gluttony
327,spinda,60,60,60,60,60,60,normal,,own-tempo,tangled-feet,contrary
328,trapinch,45,100,45,45,45,10,ground,,hyper-cutter,arena-trap,sheer-force
329,vibrava,50,70,50,50,50,70,ground,dragon,levitate,,
330,flygon,80,100,80,80,80,100,ground,dragon,levitate,,
331,cacnea,50,85,40,85,40,35,grass,,sand-veil,water-absorb,
332,cacturne,70,115,60,115,60,55,grass,dark,sand-veil,water-absorb,
333,swablu,45,40,60,40,75,50,normal,flying,natural-cure,cloud-nine,
334,altaria,75,70,90,70,105,80,dragon,flying,natural-cure,cloud-nine,
335,zangoose,73,115,60,60,60,90,normal,,immunity,toxic-boost,
336,seviper,73,100,60,100,60,65,poison,,shed-skin,infiltrator,
337,lunatone,90,55,65,95,85,70,rock,psychic,levitate,,
338,solrock,90,95,85,55,65,70,rock,psychic,levitate,,
339,barboach,50,48,43,46,41,60,water,ground,oblivious,anticipation,hydration
340,whiscash,110,78,73,76,71,60,water,ground,oblivious,anticipation,hydration
341,corphish,43,80,65,50,35,35,water,,hyper-cutter,shell-armor,adaptability
342,crawdaunt,63,120,85,90,55,55,water,dark,hyper-cutter,shell-armor,adaptability
343,baltoy,40,40,55,40,70,55,ground,psychic,levitate,,
344,claydol,60,70,105,70,120,75,ground,psychic,levitate,,
345,lileep,66,41,77,61,87,23,rock,grass,suction-cups,storm-drain,
346,cradily,86,81,97,81,107,43,rock,grass,suction-cups,storm-drain,
347,anorith,45,95,50,40,50,75,rock,bug,battle-armor,swift-swim,
348,armaldo,75,125,100,70,80,45,rock,bug,battle-armor,swift-swim,
349,feebas,20,15,20,10,55,80,water,,swift-swim,oblivious,adaptability
350,milotic,95,60,79,100,125,81,water,,marvel-scale,competitive,cute-charm
351,castform,70,70,70,70,70,70,normal,,forecast,,
352,kecleon,60,90,70,60,120,40,normal,,color-change,protean,
353,shuppet,44,75,35,63,33,45,ghost,,insomnia,frisk,cursed-body
354,banette,64,115,65,83,63,65,ghost,,insomnia,frisk,cursed-body
355,duskull,20,40,90,30,90,25,ghost,,levitate,frisk,
356,dusclops,40,70,130,60,130,25,ghost,,pressure,frisk,
357,tropius,99,68,83,72,87,51,grass,flying,chlorophyll,solar-power,harvest
358,chimecho,75,50,80,95,90,65,psychic,,levitate,,
359,absol,65,130,60,75,60,75,dark,,pressure,super-luck,justified
360,wynaut,95,23,48,23,48,23,psychic,,shadow-tag,telepathy,
361,snorunt,50,50,50,50,50,50,ice,,inner-focus,ice-body,moody
362,glalie,80,80,80,80,80,80,ice,,inner-focus,ice-body,moody
363,spheal,70,40,50,55,50,25,ice,water,thick-fat,ice-body,oblivious
364,sealeo,90,60,70,75,70,45,ice,water,thick-fat,ice-body,oblivious
365,walrein,110,80,90,95,90,65,ice,water,thick-fat,ice-body,oblivious
366,clamperl,35,64,85,74,55,32,water,,shell-armor,rattled,
367,huntail,55,104,105,94,75,52,water,,swift-swim,water-veil,
368,gorebyss,55,84,105,114,75,52,water,,swift-swim,hydration,
369,relicanth,100,90,130,45,65,55,water,rock,swift-swim,rock-head,sturdy
370,luvdisc,43,30,55,40,65,97,water,,swift-swim,hydration,
371,bagon,45,75,60,40,30,50,dragon,,rock-head,sheer-force,
372,shelgon,65,95,100,60,50,50,dragon,,rock-head,overcoat,
373,salamence,95,135,80,110,80,100,dragon,flying,intimidate,moxie,
374,beldum,40,55,80,35,60,30,steel,psychic,clear-body,light-metal,
375,metang,60,75,100,55,80,50,steel,psychic,clear-body,light-metal,
376,metagross,80,135,130,95,90,70,steel,psychic,clear-body,light-metal,
377,regirock,80,100,200,50,100,50,rock,,clear-body,sturdy,
378,regice,80,50,100,100,200,50,ice,,clear-body,ice-body,
379,registeel,80,75,150,75,150,50,steel,,clear-body,light-metal,
380,latias,80,80,90,110,130,110,dragon,psychic,levitate,,
381,latios,80,90,80,130,110,110,dragon,psychic,levitate,,
382,kyogre,100,100,90,150,140,90,water,,drizzle,,
383,groudon,100,150,140,100,90,90,ground,,drought,,
384,rayquaza,105,150,90,150,90,95,dragon,flying,air-lock,,
385,jirachi,100,100,100,100,100,100,steel,psychic,serene-grace,,
386,deoxys-normal,50,150,50,150,50,150,psychic,,pressure,,
387,turtwig,55,68,64,45,55,31,grass,,overgrow,shell-armor,
388,grotle,75,89,85,55,65,36,grass,,overgrow,shell-armor,
389,torterra,95,109,105,75,85,56,grass,ground,overgrow,shell-armor,
390,chimchar,44,58,44,58,44,61,fire,,blaze,iron-fist,
391,monferno,64,78,52,78,52,81,fire,fighting,blaze,iron-fist,
392,infernape,76,104,71,104,71,108,fire,fighting,blaze,iron-fist,
393,piplup,53,51,53,61,56,40,water,,torrent,competitive,
394,prinplup,64,66,68,81,76,50,water,,torrent,competitive,
395,empoleon,84,86,88,111,101,60,water,steel,torrent,competitive,
396,starly,40,55,30,30,30,60,normal,flying,keen-eye,reckless,
397,staravia,55,75,50,40,40,80,normal,flying,intimidate,reckless,
398,staraptor,85,120,70,50,60,100,normal,flying,intimidate,reckless,
399,bidoof,59,45,40,35,40,31,normal,,simple,unaware,moody
400,bibarel,79,85,60,55,60,71,normal,water,simple,unaware,moody
401,kricketot,37,25,41,25,41,25,bug,,shed-skin,run-away,
402,kricketune,77,85,51,55,51,65,bug,,swarm,technician,
403,shinx,45,65,34,40,34,45,electric,,rivalry,intimidate,guts
404,luxio,60,85,49,60,49,60,electric,,rivalry,intimidate,guts
405,luxray,80,120,79,95,79,70,electric,,rivalry,intimidate,guts
406,budew,40,30,35,50,70,55,grass,poison,natural-cure,poison-point,leaf-guard
407,roserade,60,70,65,125,105,90,grass,poison,natural-cure,poison-point,technician
408,cranidos,67,125,40,30,30,58,rock,,mold-breaker,sheer-force,
409,rampardos,97,165,60,65,50,58,rock,,mold-breaker,sheer-force,
410,shieldon,30,42,118,42,88,30,rock,steel,sturdy,soundproof,
411,bastiodon,60,52,168,47,138,30,rock,steel,sturdy,soundproof,
412,burmy,40,29,45,29,45,36,bug,,shed-skin,overcoat,
413,wormadam-plant,60,59,85,79,105,36,bug,grass,anticipation,overcoat,
414,mothim,70,94,50,94,50,66,bug,flying,swarm,tinted-lens,
415,combee,30,30,42,30,42,70,bug,flying,honey-gather,hustle,
416,vespiquen,70,80,102,80,102,40,bug,flying,pressure,unnerve,
417,pachirisu,60,45,70,45,90,95,electric,,run-away,pickup,volt-absorb
418,buizel,55,65,35,60,30,85,water,,swift-swim,water-veil,
419,floatzel,85,105,55,85,50,115,water,,swift-swim,water-veil,
420,cherubi,45,35,45,62,53,35,grass,,chlorophyll,,
421,cherrim,70,60,70,87,78,85,grass,,flower-gift,,
422,shellos,76,48,48,57,62,34,water,,sticky-hold,storm-drain,sand-force
423,gastrodon,111,83,68,92,82,39,water,ground,sticky-hold,storm-drain,sand-force
424,ambipom,75,100,66,60,66,115,normal,,technician,pickup,skill-link
425,drifloon,90,50,34,60,44,70,ghost,flying,aftermath,unburden,flare-boost
426,drifblim,150,80,44,90,54,80,ghost,flying,aftermath,unburden,flare-boost
427,buneary,55,66,44,44,56,85,normal,,run-away,klutz,limber
428,lopunny,65,76,84,54,96,105,normal,,cute-charm,klutz,limber
429,mismagius,60,60,60,105,105,105,ghost,,levitate,,
430,honchkrow,100,125,52,105,52,71,dark,flying,insomnia,super-luck,moxie
431,glameow,49,55,42,42,37,85,normal,,limber,own-tempo,keen-eye
432,purugly,71,82,64,64,59,112,normal,,thick-fat,own-tempo,defiant
433,chingling,45,30,50,65,50,45,psychic,,levitate,,
434,stunky,63,63,47,41,41,74,poison,dark,stench,aftermath,keen-eye
435,skuntank,103,93,67,71,61,84,poison,dark,stench,aftermath,keen-eye
436,bronzor,57,24,86,24,86,23,steel,psychic,levitate,heatproof,heavy-metal
437,bronzong,67,89,116,79,116,33,steel,psychic,levitate,heatproof,heavy-metal
438,bonsly,50,80,95,10,45,10,rock,,sturdy,rock-head,rattled
439,mime-jr,20,25,45,70,90,60,psychic,fairy,soundproof,filter,technician
440,happiny,100,5,5,15,65,30,normal,,natural-cure,serene-grace,friend-guard
441,chatot,76,65,45,92,42,91,normal,flying,keen-eye,tangled-feet,big-pecks
442,spiritomb,50,92,108,92,108,35,ghost,dark,pressure,infiltrator,
443,gible,58,70,45,40,45,42,dragon,ground,sand-veil,rough-skin,
444,gabite,68,90,65,50,55,82,dragon,ground,sand-veil,rough-skin,
445,garchomp,108,130,95,80,85,102,dragon,ground,sand-veil,rough-skin,
446,munchlax,135,85,40,40,85,5,normal,,pickup,thick-fat,gluttony
447,riolu,40,70,40,35,40,60,fighting,,steadfast,inner-focus,prankster
448,lucario,70,110,70,115,70,90,fighting,steel,steadfast,inner-focus,justified
449,hippopotas,68,72,78,38,42,32,ground,,sand-stream,sand-force,
450,hippowdon,108,112,118,68,72,47,ground,,sand-stream,sand-force,
451,skorupi,40,50,90,30,55,65,poison,bug,battle-armor,sniper,keen-eye
452,drapion,70,90,110,60,75,95,poison,dark,battle-armor,sniper,keen-eye
453,croagunk,48,61,40,61,40,50,poison,fighting,anticipation,dry-skin,poison-touch
454,toxicroak,83,106,65,86,65,85,poison,fighting,anticipation,dry-skin,poison-touch
455,carnivine,74,100,72,90,72,46,grass,,levitate,,
456,finneon,49,49,56,49,61,66,water,,swift-swim,storm-drain,water-veil
457,lumineon,69,69,76,69,86,91,water,,swift-swim,storm-drain,water-veil
458,mantyke,45,20,50,60,120,50,water,flying,swift-swim,water-absorb,water-veil
459,snover,60,62,50,62,60,40,grass,ice,snow-warning,soundproof,
460,abomasnow,90,92,75,92,85,60,grass,ice,snow-warning,soundproof,
461,weavile,70,120,65,45,85,125,dark,ice,pressure,pickpocket,
462,magnezone,70,70,115,130,90,60,electric,steel,magnet-pull,sturdy,analytic
463,lickilicky,110,85,95,80,95,50,normal,,own-tempo,oblivious,cloud-nine
464,rhyperior,115,140,130,55,55,40,ground,rock,lightning-rod,solid-rock,reckless
465,tangrowth,100,100,125,110,50,50,grass,,chlorophyll,leaf-guard,regenerator
466,electivire,75,123,67,95,85,95,electric,,motor-drive,vital-spirit,
467,magmortar,75,95,67,125,95,83,fire,,flame-body,vital-spirit,
468,togekiss,85,50,95,120,115,80,fairy,flying,hustle,serene-grace,super-luck
469,yanmega,86,76,86,116,56,95,bug,flying,speed-boost,tinted-lens,frisk
470,leafeon,65,110,130,60,65,95,grass,,leaf-guard,chlorophyll,
471,glaceon,65,60,110,130,95,65,ice,,snow-cloak,ice-body,
472,gliscor,75,95,125,45,75,95,ground,flying,hyper-cutter,sand-veil,poison-heal
473,mamoswine,110,130,80,70,60,80,ice,ground,oblivious,snow-cloak,thick-fat
474,porygon-z,85,80,70,135,75,90,normal,,adaptability,download,analytic
475,gallade,68,125,65,65,115,80,psychic,fighting,steadfast,sharpness,justified
476,probopass,60,55,145,75,150,40,rock,steel,sturdy,magnet-pull,sand-force
477,dusknoir,45,100,135,65,135,45,ghost,,pressure,frisk,
478,froslass,70,80,70,80,70,110,ice,ghost,snow-cloak,cursed-body,
479,rotom,50,50,77,95,77,91,electric,ghost,levitate,,
480,uxie,75,75,130,75,130,95,psychic,,levitate,,
481,mesprit,80,105,105,105,105,80,psychic,,levitate,,
482,azelf,75,125,70,125,70,115,psychic,,levitate,,
483,dialga,100,120,120,150,100,90,steel,dragon,pressure,telepathy,
484,palkia,90,120,100,150,120,100,water,dragon,pressure,telepathy,
485,heatran,91,90,106,130,106,77,fire,steel,flash-fire,flame-body,
486,regigigas,110,160,110,80,110,100,normal,,slow-start,,
487,giratina-altered,150,100,120,100,120,90,ghost,dragon,pressure,telepathy,
488,cresselia,120,70,110,75,120,85,psychic,,levitate,,
489,phione,80,80,80,80,80,80,water,,hydration,,
490,manaphy,100,100,100,100,100,100,water,,hydration,,
491,darkrai,70,90,90,135,90,125,dark,,bad-dreams,,
492,shaymin-land,100,100,100,100,100,100,grass,,natural-cure,,
493,arceus,120,120,120,120,120,120,normal,,multitype,,
494,victini,100,100,100,100,100,100,psychic,fire,victory-star,,
495,snivy,45,45,55,45,55,63,grass,,overgrow,contrary,
496,servine,60,60,75,60,75,83,grass,,overgrow,contrary,
497,serperior,75,75,95,75,95,113,grass,,overgrow,contrary,
498,tepig,65,63,45,45,45,45,fire,,blaze,thick-fat,
499,pignite,90,93,55,70,55,55,fire,fighting,blaze,thick-fat,
500,emboar,110,123,65,100,65,65,fire,fighting,blaze,reckless,
501,oshawott,55,55,45,63,45,45,water,,torrent,shell-armor,
502,dewott,75,75,60,83,60,60,water,,torrent,shell-armor,
503,samurott,95,100,85,108,70,70,water,,torrent,shell-armor,
504,patrat,45,55,39,35,39,42,normal,,run-away,keen-eye,analytic
505,watchog,60,85,69,60,69,77,normal,,illuminate,keen-eye,analytic
506,lillipup,45,60,45,25,45,55,normal,,vital-spirit,pickup,run-away
507,herdier,65,80,65,35,65,60,normal,,intimidate,sand-rush,scrappy
508,stoutland,85,110,90,45,90,80,normal,,intimidate,sand-rush,scrappy
509,purrloin,41,50,37,50,37,66,dark,,limber,unburden,prankster
510,liepard,64,88,50,88,50,106,dark,,limber,unburden,prankster
511,pansage,50,53,48,53,48,64,grass,,gluttony,overgrow,
512,simisage,75,98,63,98,63,101,grass,,gluttony,overgrow,
513,pansear,50,53,48,53,48,64,fire,,gluttony,blaze,
514,simisear,75,98,63,98,63,101,fire,,gluttony,blaze,
515,panpour,50,53,48,53,48,64,water,,gluttony,torrent,
516,simipour,75,98,63,98,63,101,water,,gluttony,torrent,
517,munna,76,25,45,67,55,24,psychic,,forewarn,synchronize,telepathy
518,musharna,116,55,85,107,95,29,psychic,,forewarn,synchronize,telepathy
519,pidove,50,55,50,36,30,43,normal,flying,big-pecks,super-luck,rivalry
520,tranquill,62,77,62,50,42,65,normal,flying,big-pecks,super-luck,rivalry
521,unfezant,80,115,80,65,55,93,normal,flying,big-pecks,super-luck,rivalry
522,blitzle,45,60,32,50,32,76,electric,,lightning-rod,motor-drive,sap-sipper
523,zebstrika,75,100,63,80,63,116,electric,,lightning-rod,motor-drive,sap-sipper
524,roggenrola,55,75,85,25,25,15,rock,,sturdy,weak-armor,sand-force
525,boldore,70,105,105,50,40,20,rock,,sturdy,weak-armor,sand-force
526,gigalith,85,135,130,60,80,25,rock,,sturdy,sand-stream,sand-force
527,woobat,65,45,43,55,43,72,psychic,flying,unaware,klutz,simple
528,swoobat,67,57,55,77,55,114,psychic,flying,unaware,klutz,simple
529,drilbur,60,85,40,30,45,68,ground,,sand-rush,sand-force,mold-breaker
530,excadrill,110,135,60,50,65,88,ground,steel,sand-rush,sand-force,mold-breaker
531,audino,103,60,86,60,86,50,normal,,healer,regenerator,klutz
532,timburr,75,80,55,25,35,35,fighting,,guts,sheer-force,iron-fist
533,gurdurr,85,105,85,40,50,40,fighting,,guts,sheer-force,iron-fist
534,conkeldurr,105,140,95,55,65,45,fighting,,guts,sheer-force,iron-fist
535,tympole,50,50,40,50,40,64,water,,swift-swim,hydration,water-absorb
536,palpitoad,75,65,55,65,55,69,water,ground,swift-swim,hydration,water-absorb
537,seismitoad,105,95,75,85,75,74,water,ground,swift-swim,poison-touch,water-absorb
538,throh,120,100,85,30,85,45,fighting,,guts,inner-focus,mold-breaker
539,sawk,75,125,75,30,75,85,fighting,,sturdy,inner-focus,mold-breaker
540,sewaddle,45,53,70,40,60,42,bug,grass,swarm,chlorophyll,overcoat
541,swadloon,55,63,90,50,80,42,bug,grass,leaf-guard,chlorophyll,overcoat
542,leavanny,75,103,80,70,80,92,bug,grass,swarm,chlorophyll,overcoat
543,venipede,30,45,59,30,39,57,bug,poison,poison-point,swarm,speed-boost
544,whirlipede,40,55,99,40,79,47,bug,poison,poison-point,swarm,speed-boost
545,scolipede,60,100,89,55,69,112,bug,poison,poison-point,swarm,speed-boost
546,cottonee,40,27,60,37,50,66,grass,fairy,prankster,infiltrator,chlorophyll
547,whimsicott,60,67,85,77,75,116,grass,fairy,prankster,infiltrator,chlorophyll
548,petilil,45,35,50,70,50,30,grass,,chlorophyll,own-tempo,leaf-guard
549,lilligant,70,60,75,110,75,90,grass,,chlorophyll,own-tempo,leaf-guard
550,basculin-red-striped,70,92,65,80,55,98,water,,reckless,adaptability,mold-breaker
551,sandile,50,72,35,35,35,65,ground,dark,intimidate,moxie,anger-point
552,krokorok,60,82,45,45,45,74,ground,dark,intimidate,moxie,anger-point
553,krookodile,95,117,80,65,70,92,ground,dark,intimidate,moxie,anger-point
554,darumaka,70,90,45,15,45,50,fire,,hustle,inner-focus,
555,darmanitan-standard,105,140,55,30,55,95,fire,,sheer-force,zen-mode,
556,maractus,75,86,67,106,67,60,grass,,water-absorb,chlorophyll,storm-drain
557,dwebble,50,65,85,35,35,55,bug,rock,sturdy,shell-armor,weak-armor
558,crustle,70,105,125,65,75,45,bug,rock,sturdy,shell-armor,weak-armor
559,scraggy,50,75,70,35,70,48,dark,fighting,shed-skin,moxie,intimidate
560,scrafty,65,90,115,45,115,58,dark,fighting,shed-skin,moxie,intimidate
561,sigilyph,72,58,80,103,80,97,psychic,flying,wonder-skin,magic-guard,tinted-lens
562,yamask,38,30,85,55,65,30,ghost,,mummy,,
563,cofagrigus,58,50,145,95,105,30,ghost,,mummy,,
564,tirtouga,54,78,103,53,45,22,water,rock,solid-rock,sturdy,swift-swim
565,carracosta,74,108,133,83,65,32,water,rock,solid-rock,sturdy,swift-swim
566,archen,55,112,45,74,45,70,rock,flying,defeatist,,
567,archeops,75,140,65,112,65,110,rock,flying,defeatist,,
568,trubbish,50,50,62,40,62,65,poison,,stench,sticky-hold,aftermath
569,garbodor,80,95,82,60,82,75,poison,,stench,weak-armor,aftermath
570,zorua,40,65,40,80,40,65,dark,,illusion,,
571,zoroark,60,105,60,120,60,105,dark,,illusion,,
572,minccino,55,50,40,40,40,75,normal,,cute-charm,technician,skill-link
573,cinccino,75,95,60,65,60,115,normal,,cute-charm,technician,skill-link
574,gothita,45,30,50,55,65,45,psychic,,frisk,competitive,shadow-tag
575,gothorita,60,45,70,75,85,55,psychic,,frisk,competitive,shadow-tag
576,gothitelle,70,55,95,95,110,65,psychic,,frisk,competitive,shadow-tag
577,solosis,45,30,40,105,50,20,psychic,,overcoat,magic-guard,regenerator
578,duosion,65,40,50,125,60,30,psychic,,overcoat,magic-guard,regenerator
579,reuniclus,110,65,75,125,85,30,psychic,,overcoat,magic-guard,regenerator
580,ducklett,62,44,50,44,50,55,water,flying,keen-eye,big-pecks,hydration
581,swanna,75,87,63,87,63,98,water,flying,keen-eye,big-pecks,hydration
582,vanillite,36,50,50,65,60,44,ice,,ice-body,snow-cloak,weak-armor
583,vanillish,51,65,65,80,75,59,ice,,ice-body,snow-cloak,weak-armor
584,vanilluxe,71,95,85,110,95,79,ice,,ice-body,snow-warning,weak-armor
585,deerling,60,60,50,40,50,75,normal,grass,chlorophyll,sap-sipper,serene-grace
586,sawsbuck,80,100,70,60,70,95,normal,grass,chlorophyll,sap-sipper,serene-grace
587,emolga,55,75,60,75,60,103,electric,flying,static,motor-drive,
588,karrablast,50,75,45,40,45,60,bug,,swarm,shed-skin,no-guard
589,escavalier,70,135,105,60,105,20,bug,steel,swarm,shell-armor,overcoat
590,foongus,69,55,45,55,55,15,grass,poison,effect-spore,regenerator,
591,amoonguss,114,85,70,85,80,30,grass,poison,effect-spore,regenerator,
592,frillish,55,40,50,65,85,40,water,ghost,water-absorb,cursed-body,damp
593,jellicent,100,60,70,85,105,60,water,ghost,water-absorb,cursed-body,damp
594,alomomola,165,75,80,40,45,65,water,,healer,hydration,regenerator
595,joltik,50,47,50,57,50,65,bug,electric,compound-eyes,unnerve,swarm
596,galvantula,70,77,60,97,60,108,bug,electric,compound-eyes,unnerve,swarm
597,ferroseed,44,50,91,24,86,10,grass,steel,iron-barbs,,
598,ferrothorn,74,94,131,54,116,20,grass,steel,iron-barbs,anticipation,
599,klink,40,55,70,45,60,30,steel,,plus,minus,clear-body
600,klang,60,80,95,70,85,50,steel,,plus,minus,clear-body
601,klinklang,60,100,115,70,85,90,steel,,plus,minus,clear-body
602,tynamo,35,55,40,45,40,60,electric,,levitate,,
603,eelektrik,65,85,70,75,70,40,electric,,levitate,,
604,eelektross,85,115,80,105,80,50,electric,,levitate,,
605,elgyem,55,55,55,85,55,30,psychic,,telepathy,synchronize,analytic
606,beheeyem,75,75,75,125,95,40,psychic,,telepathy,synchronize,analytic
607,litwick,50,30,55,65,55,20,ghost,fire,flash-fire,flame-body,infiltrator
608,lampent,60,40,60,95,60,55,ghost,fire,flash-fire,flame-body,infiltrator
609,chandelure,60,55,90,145,90,80,ghost,fire,flash-fire,flame-body,infiltrator
610,axew,46,87,60,30,40,57,dragon,,rivalry,mold-breaker,unnerve
611,fraxure,66,117,70,40,50,67,dragon,,rivalry,mold-breaker,unnerve
612,haxorus,76,147,90,60,70,97,dragon,,rivalry,mold-breaker,unnerve
613,cubchoo,55,70,40,60,40,40,ice,,snow-cloak,slush-rush,rattled
614,beartic,95,130,80,70,80,50,ice,,snow-cloak,slush-rush,swift-swim
615,cryogonal,80,50,50,95,135,105,ice,,levitate,,
616,shelmet,50,40,85,40,65,25,bug,,hydration,shell-armor,overcoat
617,accelgor,80,70,40,100,60,145,bug,,hydration,sticky-hold,unburden
618,stunfisk,109,66,84,81,99,32,ground,electric,static,limber,sand-veil
619,mienfoo,45,85,50,55,50,65,fighting,,inner-focus,regenerator,reckless
620,mienshao,65,125,60,95,60,105,fighting,,inner-focus,regenerator,reckless
621,druddigon,77,120,90,60,90,48,dragon,,rough-skin,sheer-force,mold-breaker
622,golett,59,74,50,35,50,35,ground,ghost,iron-fist,klutz,no-guard
623,golurk,89,124,80,55,80,55,ground,ghost,iron-fist,klutz,no-guard
624,pawniard,45,85,70,40,40,60,dark,steel,defiant,inner-focus,pressure
625,bisharp,65,125,100,60,70,70,dark,steel,defiant,inner-focus,pressure
626,bouffalant,95,110,95,40,95,55,normal,,reckless,sap-sipper,soundproof
627,rufflet,70,83,50,37,50,60,normal,flying,keen-eye,sheer-force,hustle
628,braviary,100,123,75,57,75,80,normal,flying,keen-eye,sheer-force,defiant
629,vullaby,70,55,75,45,65,60,dark,flying,big-pecks,overcoat,weak-armor
630,mandibuzz,110,65,105,55,95,80,dark,flying,big-pecks,overcoat,weak-armor
631,heatmor,85,97,66,105,66,65,fire,,gluttony,flash-fire,white-smoke
632,durant,58,109,112,48,48,109,bug,steel,swarm,hustle,truant
633,deino,52,65,50,45,50,38,dark,dragon,hustle,,
634,zweilous,72,85,70,65,70,58,dark,dragon,hustle,,
635,hydreigon,92,105,90,125,90,98,dark,dragon,levitate,,
636,larvesta,55,85,55,50,55,60,bug,fire,flame-body,swarm,
637,volcarona,85,60,65,135,105,100,bug,fire,flame-body,swarm,
638,cobalion,91,90,129,90,72,108,steel,fighting,justified,,
639,terrakion,91,129,90,72,90,108,rock,fighting,justified,,
640,virizion,91,90,72,90,129,108,grass,fighting,justified,,
641,tornadus-incarnate,79,115,70,125,80,111,flying,,prankster,defiant,
642,thundurus-incarnate,79,115,70,125,80,111,electric,flying,prankster,defiant,
643,reshiram,100,120,100,150,120,90,dragon,fire,turboblaze,,
644,zekrom,100,150,120,120,100,90,dragon,electric,teravolt,,
645,landorus-incarnate,89,125,90,115,80,101,ground,flying,sand-force,sheer-force,
646,kyurem,125,130,90,130,90,95,dragon,ice,pressure,,
647,keldeo-ordinary,91,72,90,129,90,108,water,fighting,justified,,
648,meloetta-aria,100,77,77,128,128,90,normal,psychic,serene-grace,,
649,genesect,71,120,95,120,95,99,bug,steel,download,,
650,chespin,56,61,65,48,45,38,grass,,overgrow,bulletproof,
651,quilladin,61,78,95,56,58,57,grass,,overgrow,bulletproof,
652,chesnaught,88,107,122,74,75,64,grass,fighting,overgrow,bulletproof,
653,fennekin,40,45,40,62,60,60,fire,,blaze,magician,
654,braixen,59,59,58,90,70,73,fire,,blaze,magician,
655,delphox,75,69,72,114,100,104,fire,psychic,blaze,magician,
656,froakie,41,56,40,62,44,71,water,,torrent,protean,
657,frogadier,54,63,52,83,56,97,water,,torrent,protean,
658,greninja,72,95,67,103,71,122,water,dark,torrent,protean,
659,bunnelby,38,36,38,32,36,57,normal,,pickup,cheek-pouch,huge-power
660,diggersby,85,56,77,50,77,78,normal,ground,pickup,cheek-pouch,huge-power
661,fletchling,45,50,43,40,38,62,normal,flying,big-pecks,gale-wings,
662,fletchinder,62,73,55,56,52,84,fire,flying,flame-body,gale-wings,
663,talonflame,78,81,71,74,69,126,fire,flying,flame-body,gale-wings,
664,scatterbug,38,35,40,27,25,35,bug,,shield-dust,compound-eyes,friend-guard
665,spewpa,45,22,60,27,30,29,bug,,shed-skin,friend-guard,
666,vivillon,80,52,50,90,50,89,bug,flying,shield-dust,compound-eyes,friend-guard
667,litleo,62,50,58,73,54,72,fire,normal,rivalry,unnerve,moxie
668,pyroar,86,68,72,109,66,106,fire,normal,rivalry,unnerve,moxie
669,flabebe,44,38,39,61,79,42,fairy,,flower-veil,symbiosis,
670,floette,54,45,47,75,98,52,fairy,,flower-veil,symbiosis,
671,florges,78,65,68,112,154,75,fairy,,flower-veil,symbiosis,
672,skiddo,66,65,48,62,57,52,grass,,sap-sipper,grass-pelt,
673,gogoat,123,100,62,97,81,68,grass,,sap-sipper,grass-pelt,
674,pancham,67,82,62,46,48,43,fighting,,iron-fist,mold-breaker,scrappy
675,pangoro,95,124,78,69,71,58,fighting,dark,iron-fist,mold-breaker,scrappy
676,furfrou,75,80,60,65,90,102,normal,,fur-coat,,
677,espurr,62,48,54,63,60,68,psychic,,keen-eye,infiltrator,own-tempo
678,meowstic-male,74,48,76,83,81,104,psychic,,keen-eye,infiltrator,prankster
679,honedge,45,80,100,35,37,28,steel,ghost,no-guard,,
680,doublade,59,110,150,45,49,35,steel,ghost,no-guard,,
681,aegislash-shield,60,50,140,50,140,60,steel,ghost,stance-change,,
682,spritzee,78,52,60,63,65,23,fairy,,healer,aroma-veil,
683,aromatisse,101,72,72,99,89,29,fairy,,healer,aroma-veil,
684,swirlix,62,48,66,59,57,49,fairy,,sweet-veil,unburden,
685,slurpuff,82,80,86,85,75,72,fairy,,sweet-veil,unburden,
686,inkay,53,54,53,37,46,45,dark,psychic,contrary,suction-cups,infiltrator
687,malamar,86,92,88,68,75,73,dark,psychic,contrary,suction-cups,infiltrator
688,binacle,42,52,67,39,56,50,rock,water,tough-claws,sniper,pickpocket
689,barbaracle,72,105,115,54,86,68,rock,water,tough-claws,sniper,pickpocket
690,skrelp,50,60,60,60,60,30,poison,water,poison-point,poison-touch,adaptability
691,dragalge,65,75,90,97,123,44,poison,dragon,poison-point,poison-touch,adaptability
692,clauncher,50,53,62,58,63,44,water,,mega-launcher,,
693,clawitzer,71,73,88,120,89,59,water,,mega-launcher,,
694,helioptile,44,38,33,61,43,70,electric,normal,dry-skin,sand-veil,solar-power
695,heliolisk,62,55,52,109,94,109,electric,normal,dry-skin,sand-veil,solar-power
696,tyrunt,58,89,77,45,45,48,rock,dragon,strong-jaw,sturdy,
697,tyrantrum,82,121,119,69,59,71,rock,dragon,strong-jaw,rock-head,
698,amaura,77,59,50,67,63,46,rock,ice,refrigerate,snow-warning,
699,aurorus,123,77,72,99,92,58,rock,ice,refrigerate,snow-warning,
700,sylveon,95,65,65,110,130,60,fairy,,cute-charm,pixilate,
701,hawlucha,78,92,75,74,63,118,fighting,flying,limber,unburden,mold-breaker
702,dedenne,67,58,57,81,67,101,electric,fairy,cheek-pouch,pickup,plus
703,carbink,50,50,150,50,150,50,rock,fairy,clear-body,sturdy,
704,goomy,45,50,35,55,75,40,dragon,,sap-sipper,hydration,gooey
705,sliggoo,68,75,53,83,113,60,dragon,,sap-sipper,hydration,gooey
706,goodra,90,100,70,110,150,80,dragon,,sap-sipper,hydration,gooey
707,klefki,57,80,91,80,87,75,steel,fairy,prankster,magician,
708,phantump,43,70,48,50,60,38,ghost,grass,natural-cure,frisk,harvest
709,trevenant,85,110,76,65,82,56,ghost,grass,natural-cure,frisk,harvest
710,pumpkaboo-average,49,66,70,44,55,51,ghost,grass,pickup,frisk,insomnia
711,gourgeist-average,65,90,122,58,75,84,ghost,grass,pickup,frisk,insomnia
712,bergmite,55,69,85,32,35,28,ice,,own-tempo,ice-body,sturdy
713,avalugg,95,117,184,44,46,28,ice,,own-tempo,ice-body,sturdy
714,noibat,40,30,35,45,40,55,flying,dragon,frisk,infiltrator,telepathy
715,noivern,85,70,80,97,80,123,flying,dragon,frisk,infiltrator,telepathy
716,xerneas,126,131,95,131,98,99,fairy,,fairy-aura,,
717,yveltal,126,131,95,131,98,99,dark,flying,dark-aura,,
718,zygarde-50,108,100,121,81,95,95,dragon,ground,aura-break,,
719,diancie,50,100,150,100,150,50,rock,fairy,clear-body,,
720,hoopa,80,110,60,150,130,70,psychic,ghost,magician,,
721,volcanion,80,110,120,130,90,70,fire,water,water-absorb,,
722,rowlet,68,55,55,50,50,42,grass,flying,overgrow,long-reach,
723,dartrix,78,75,75,70,70,52,grass,flying,overgrow,long-reach,
724,decidueye,78,107,75,100,100,70,grass,ghost,overgrow,long-reach,
725,litten,45,65,40,60,40,70,fire,,blaze,intimidate,
726,torracat,65,85,50,80,50,90,fire,,blaze,intimidate,
727,incineroar,95,115,90,80,90,60,fire,dark,blaze,intimidate,
728,popplio,50,54,54,66,56,40,water,,torrent,liquid-voice,
729,brionne,60,69,69,91,81,50,water,,torrent,liquid-voice,
730,primarina,80,74,74,126,116,60,water,fairy,torrent,liquid-voice,
731,pikipek,35,75,30,30,30,65,normal,flying,keen-eye,skill-link,pickup
732,trumbeak,55,85,50,40,50,75,normal,flying,keen-eye,skill-link,pickup
733,toucannon,80,120,75,75,75,60,normal,flying,keen-eye,skill-link,sheer-force
734,yungoos,48,70,30,30,30,45,normal,,stakeout,strong-jaw,adaptability
735,gumshoos,88,110,60,55,60,45,normal,,stakeout,strong-jaw,adaptability
736,grubbin,47,62,45,55,45,46,bug,,swarm,,
737,charjabug,57,82,95,55,75,36,bug,electric,battery,,
738,vikavolt,77,70,90,145,75,43,bug,electric,levitate,,
739,crabrawler,47,82,57,42,47,63,fighting,,hyper-cutter,iron-fist,anger-point
740,crabominable,97,132,77,62,67,43,fighting,ice,hyper-cutter,iron-fist,anger-point
741,oricorio-baile,75,70,70,98,70,93,fire,flying,dancer,,
742,cutiefly,40,45,40,55,40,84,bug,fairy,honey-gather,shield-dust,sweet-veil
743,ribombee,60,55,60,95,70,124,bug,fairy,honey-gather,shield-dust,sweet-veil
744,rockruff,45,65,40,30,40,60,rock,,keen-eye,vital-spirit,steadfast
745,lycanroc-midday,75,115,65,55,65,112,rock,,keen-eye,sand-rush,steadfast
746,wishiwashi-solo,45,20,20,25,25,40,water,,schooling,,
747,mareanie,50,53,62,43,52,45,poison,water,merciless,limber,regenerator
748,toxapex,50,63,152,53,142,35,poison,water,merciless,limber,regenerator
749,mudbray,70,100,70,45,55,45,ground,,own-tempo,stamina,inner-focus
750,mudsdale,100,125,100,55,85,35,ground,,own-tempo,stamina,inner-focus
751,dewpider,38,40,52,40,72,27,water,bug,water-bubble,water-absorb,
752,araquanid,68,70,92,50,132,42,water,bug,water-bubble,water-absorb,
753,fomantis,40,55,35,50,35,35,grass,,leaf-guard,contrary,
754,lurantis,70,105,90,80,90,45,grass,,leaf-guard,contrary,
755,morelull,40,35,55,65,75,15,grass,fairy,illuminate,effect-spore,rain-dish
756,shiinotic,60,45,80,90,100,30,grass,fairy,illuminate,effect-spore,rain-dish
757,salandit,48,44,40,71,40,77,poison,fire,corrosion,oblivious,
758,salazzle,68,64,60,111,60,117,poison,fire,corrosion,oblivious,
759,stufful,70,75,50,45,50,50,normal,fighting,fluffy,klutz,cute-charm
760,bewear,120,125,80,55,60,60,normal,fighting,fluffy,klutz,unnerve
761,bounsweet,42,30,38,30,38,32,grass,,leaf-guard,oblivious,sweet-veil
762,steenee,52,40,48,40,48,62,grass,,leaf-guard,oblivious,sweet-veil
763,tsareena,72,120,98,50,98,72,grass,,leaf-guard,queenly-majesty,sweet-veil
764,comfey,51,52,90,82,110,100,fairy,,flower-veil,triage,natural-cure
765,oranguru,90,60,80,90,110,60,normal,psychic,inner-focus,telepathy,symbiosis
766,passimian,100,120,90,40,60,80,fighting,,receiver,defiant,
767,wimpod,25,35,40,20,30,80,bug,water,wimp-out,,
768,golisopod,75,125,140,60,90,40,bug,water,emergency-exit,,
769,sandygast,55,55,80,70,45,15,ghost,ground,water-compaction,sand-veil,
770,palossand,85,75,110,100,75,35,ghost,ground,water-compaction,sand-veil,
771,pyukumuku,55,60,130,30,130,5,water,,innards-out,unaware,
772,type-null,95,95,95,95,95,59,normal,,battle-armor,,
773,silvally,95,95,95,95,95,95,normal,,rks-system,,
774,minior-red-meteor,60,60,100,60,100,60,rock,flying,shields-down,,
775,komala,65,115,65,75,95,65,normal,,comatose,,
776,turtonator,60,78,135,91,85,36,fire,dragon,shell-armor,,
777,togedemaru,65,98,63,40,73,96,electric,steel,iron-barbs,lightning-rod,sturdy
778,mimikyu-disguised,55,90,80,50,105,96,ghost,fairy,disguise,,
779,bruxish,68,105,70,70,70,92,water,psychic,dazzling,strong-jaw,wonder-skin
780,drampa,78,60,85,135,91,36,normal,dragon,berserk,sap-sipper,cloud-nine
781,dhelmise,70,131,100,86,90,40,ghost,grass,steelworker,,
782,jangmo-o,45,55,65,45,45,45,dragon,,bulletproof,soundproof,overcoat
783,hakamo-o,55,75,90,65,70,65,dragon,fighting,bulletproof,soundproof,overcoat
784,kommo-o,75,110,125,100,105,85,dragon,fighting,bulletproof,soundproof,overcoat
785,tapu-koko,70,115,85,95,75,130,electric,fairy,electric-surge,telepathy,
786,tapu-lele,70,85,75,130,115,95,psychic,fairy,psychic-surge,telepathy,
787,tapu-bulu,70,130,115,85,95,75,grass,fairy,grassy-surge,telepathy,
788,tapu-fini,70,75,115,95,130,85,water,fairy,misty-surge,telepathy,
789,cosmog,43,29,31,29,31,37,psychic,,unaware,,
790,cosmoem,43,29,131,29,131,37,psychic,,sturdy,,
791,solgaleo,137,137,107,113,89,97,psychic,steel,full-metal-body,,
792,lunala,137,113,89,137,107,97,psychic,ghost,shadow-shield,,
793,nihilego,109,53,47,127,131,103,rock,poison,beast-boost,,
794,buzzwole,107,139,139,53,53,79,bug,fighting,beast-boost,,
795,pheromosa,71,137,37,137,37,151,bug,fighting,beast-boost,,
796,xurkitree,83,89,71,173,71,83,electric,,beast-boost,,
797,celesteela,97,101,103,107,101,61,steel,flying,beast-boost,,
798,kartana,59,181,131,59,31,109,grass,steel,beast-boost,,
799,guzzlord,223,101,53,97,53,43,dark,dragon,beast-boost,,
800,necrozma,97,107,101,127,89,79,psychic,,prism-armor,,
801,magearna,80,95,115,130,115,65,steel,fairy,soul-heart,,
802,marshadow,90,125,80,90,90,125,fighting,ghost,technician,,
803,poipole,67,73,67,73,67,73,poison,,beast-boost,,
804,naganadel,73,73,73,127,73,121,poison,dragon,beast-boost,,
805,stakataka,61,131,211,53,101,13,rock,steel,beast-boost,,
806,blacephalon,53,127,53,151,79,107,fire,ghost,beast-boost,,
807,zeraora,88,112,75,102,80,143,electric,,volt-absorb,,
808,meltan,46,65,65,55,35,34,steel,,magnet-pull,,
809,melmetal,135,143,143,80,65,34,steel,,iron-fist,,
810,grookey,50,65,50,40,40,65,grass,,overgrow,grassy-surge,
811,thwackey,70,85,70,55,60,80,grass,,overgrow,grassy-surge,
812,rillaboom,100,125,90,60,70,85,grass,,overgrow,grassy-surge,
813,scorbunny,50,71,40,40,40,69,fire,,blaze,libero,
814,raboot,65,86,60,55,60,94,fire,,blaze,libero,
815,cinderace,80,116,75,65,75,119,fire,,blaze,libero,
816,sobble,50,40,40,70,40,70,water,,torrent,sniper,
817,drizzile,65,60,55,95,55,90,water,,torrent,sniper,
818,inteleon,70,85,65,125,65,120,water,,torrent,sniper,
819,skwovet,70,55,55,35,35,25,normal,,cheek-pouch,gluttony,
820,greedent,120,95,95,55,75,20,normal,,cheek-pouch,gluttony,
821,rookidee,38,47,35,33,35,57,flying,,keen-eye,unnerve,big-pecks
822,corvisquire,68,67,55,43,55,77,flying,,keen-eye,unnerve,big-pecks
823,corviknight,98,87,105,53,85,67,flying,steel,pressure,unnerve,mirror-armor
824,blipbug,25,20,20,25,45,45,bug,,swarm,compound-eyes,telepathy
825,dottler,50,35,80,50,90,30,bug,psychic,swarm,compound-eyes,telepathy
826,orbeetle,60,45,110,80,120,90,bug,psychic,swarm,frisk,telepathy
827,nickit,40,28,28,47,52,50,dark,,run-away,unburden,stakeout
828,thievul,70,58,58,87,92,90,dark,,run-away,unburden,stakeout
829,gossifleur,40,40,60,40,60,10,grass,,cotton-down,regenerator,effect-spore
830,eldegoss,60,50,90,80,120,60,grass,,cotton-down,regenerator,effect-spore
831,wooloo,42,40,55,40,45,48,normal,,fluffy,run-away,bulletproof
832,dubwool,72,80,100,60,90,88,normal,,fluffy,steadfast,bulletproof
833,chewtle,50,64,50,38,38,44,water,,strong-jaw,shell-armor,swift-swim
834,drednaw,90,115,90,48,68,74,water,rock,strong-jaw,shell-armor,swift-swim
835,yamper,59,45,50,40,50,26,electric,,ball-fetch,rattled,
836,boltund,69,90,60,90,60,121,electric,,strong-jaw,competitive,
837,rolycoly,30,40,50,40,50,30,rock,,steam-engine,heatproof,flash-fire
838,carkol,80,60,90,60,70,50,rock,fire,steam-engine,flame-body,flash-fire
839,coalossal,110,80,120,80,90,30,rock,fire,steam-engine,flame-body,flash-fire
840,applin,40,40,80,40,40,20,grass,dragon,ripen,gluttony,bulletproof
841,flapple,70,110,80,95,60,70,grass,dragon,ripen,gluttony,hustle
842,appletun,110,85,80,100,80,30,grass,dragon,ripen,gluttony,thick-fat
843,silicobra,52,57,75,35,50,46,ground,,sand-spit,shed-skin,sand-veil
844,sandaconda,72,107,125,65,70,71,ground,,sand-spit,shed-skin,sand-veil
845,cramorant,70,85,55,85,95,85,flying,water,gulp-missile,,
846,arrokuda,41,63,40,40,30,66,water,,swift-swim,propeller-tail,
847,barraskewda,61,123,60,60,50,136,water,,swift-swim,propeller-tail,
848,toxel,40,38,35,54,35,40,electric,poison,rattled,static,klutz
849,toxtricity-amped,75,98,70,114,70,75,electric,poison,punk-rock,plus,technician
850,sizzlipede,50,65,45,50,50,45,fire,bug,flash-fire,white-smoke,flame-body
851,centiskorch,100,115,65,90,90,65,fire,bug,flash-fire,white-smoke,flame-body
852,clobbopus,50,68,60,50,50,32,fighting,,limber,technician,
853,grapploct,80,118,90,70,80,42,fighting,,limber,technician,
854,sinistea,40,45,45,74,54,50,ghost,,weak-armor,cursed-body,
855,polteageist,60,65,65,134,114,70,ghost,,weak-armor,cursed-body,
856,hatenna,42,30,45,56,53,39,psychic,,healer,anticipation,magic-bounce
857,hattrem,57,40,65,86,73,49,psychic,,healer,anticipation,magic-bounce
858,hatterene,57,90,95,136,103,29,psychic,fairy,healer,anticipation,magic-bounce
859,impidimp,45,45,30,55,40,50,dark,fairy,prankster,frisk,pickpocket
860,morgrem,65,60,45,75,55,70,dark,fairy,prankster,frisk,pickpocket
861,grimmsnarl,95,120,65,95,75,60,dark,fairy,prankster,frisk,pickpocket
862,obstagoon,93,90,101,60,81,95,dark,normal,reckless,guts,defiant
863,perrserker,70,110,100,50,60,50,steel,,battle-armor,tough-claws,steely-spirit
864,cursola,60,95,50,145,130,30,ghost,,weak-armor,perish-body,
865,sirfetchd,62,135,95,68,82,65,fighting,,steadfast,scrappy,
866,mr-rime,80,85,75,110,100,70,ice,psychic,tangled-feet,screen-cleaner,ice-body
867,runerigus,58,95,145,50,105,30,ground,ghost,wandering-spirit,,
868,milcery,45,40,40,50,61,34,fairy,,sweet-veil,aroma-veil,
869,alcremie,65,60,75,110,121,64,fairy,,sweet-veil,aroma-veil,
870,falinks,65,100,100,70,60,75,fighting,,battle-armor,defiant,
871,pincurchin,48,101,95,91,85,15,electric,,lightning-rod,electric-surge,
872,snom,30,25,35,45,30,20,ice,bug,shield-dust,ice-scales,
873,frosmoth,70,65,60,125,90,65,ice,bug,shield-dust,ice-scales,
874,stonjourner,100,125,135,20,20,70,rock,,power-spot,,
875,eiscue-ice,75,80,110,65,90,50,ice,,ice-face,,
876,indeedee-male,60,65,55,105,95,95,psychic,normal,inner-focus,synchronize,psychic-surge
877,morpeko-full-belly,58,95,58,70,58,97,electric,dark,hunger-switch,,
878,cufant,72,80,49,40,49,40,steel,,sheer-force,heavy-metal,
879,copperajah,122,130,69,80,69,30,steel,,sheer-force,heavy-metal,
880,dracozolt,90,100,90,80,70,75,electric,dragon,volt-absorb,hustle,sand-rush
881,arctozolt,90,100,90,90,80,55,electric,ice,volt-absorb,static,slush-rush
882,dracovish,90,90,100,70,80,75,water,dragon,water-absorb,strong-jaw,sand-rush
883,arctovish,90,90,100,80,90,55,water,ice,water-absorb,ice-body,slush-rush
884,duraludon,70,95,115,120,50,85,steel,dragon,light-metal,heavy-metal,stalwart
885,dreepy,28,60,30,40,30,82,dragon,ghost,clear-body,infiltrator,cursed-body
886,drakloak,68,80,50,60,50,102,dragon,ghost,clear-body,infiltrator,cursed-body
887,dragapult,88,120,75,100,75,142,dragon,ghost,clear-body,infiltrator,cursed-body
888,zacian,92,120,115,80,115,138,fairy,,intrepid-sword,,
889,zamazenta,92,120,115,80,115,138,fighting,,dauntless-shield,,
890,eternatus,140,85,95,145,95,130,poison,dragon,pressure,,
891,kubfu,60,90,60,53,50,72,fighting,,inner-focus,,
892,urshifu-single-strike,100,130,100,63,60,97,fighting,dark,unseen-fist,,
893,zarude,105,120,105,70,95,105,dark,grass,leaf-guard,,
894,regieleki,80,100,50,100,50,200,electric,,transistor,,
895,regidrago,200,100,50,100,50,80,dragon,,dragons-maw,,
896,glastrier,100,145,130,65,110,30,ice,,chilling-neigh,,
897,spectrier,100,65,60,145,80,130,ghost,,grim-neigh,,
898,calyrex,100,80,80,80,80,80,psychic,grass,unnerve,,
899,wyrdeer,103,105,72,105,75,65,normal,psychic,intimidate,frisk,sap-sipper
900,kleavor,70,135,95,45,70,85,bug,rock,swarm,sheer-force,sharpness
901,ursaluna,130,140,105,45,80,50,ground,normal,guts,bulletproof,unnerve
902,basculegion-male,120,112,65,80,75,78,water,ghost,swift-swim,adaptability,mold-breaker
903,sneasler,80,130,60,40,80,120,fighting,poison,pressure,unburden,poison-touch
904,overqwil,85,115,95,65,65,85,dark,poison,poison-point,swift-swim,intimidate
905,enamorus-incarnate,74,115,70,135,80,106,fairy,flying,cute-charm,contrary,
906,sprigatito,40,61,54,45,45,65,grass,,overgrow,protean,
907,floragato,61,80,63,60,63,83,grass,,overgrow,protean,
908,meowscarada,76,110,70,81,70,123,grass,dark,overgrow,protean,
909,fuecoco,67,45,59,63,40,36,fire,,blaze,unaware,
910,crocalor,81,55,78,90,58,49,fire,,blaze,unaware,
911,skeledirge,104,75,100,110,75,66,fire,ghost,blaze,unaware,
912,quaxly,55,65,45,50,45,50,water,,torrent,moxie,
913,quaxwell,70,85,65,65,60,65,water,,torrent,moxie,
914,quaquaval,85,120,80,85,75,85,water,fighting,torrent,moxie,
915,lechonk,54,45,40,35,45,35,normal,,aroma-veil,gluttony,thick-fat
916,oinkologne,110,100,75,59,80,65,normal,,lingering-aroma,gluttony,thick-fat
917,tarountula,35,41,45,29,40,20,bug,,insomnia,stakeout,
918,spidops,60,79,92,52,86,35,bug,,insomnia,stakeout,
919,nymble,33,46,40,21,25,45,bug,,swarm,tinted-lens,
920,lokix,71,102,78,52,55,92,bug,dark,swarm,tinted-lens,
921,pawmi,45,50,20,40,25,60,electric,,static,natural-cure,iron-fist
922,pawmo,60,75,40,50,40,85,electric,fighting,volt-absorb,natural-cure,iron-fist
923,pawmot,70,115,70,70,60,105,electric,fighting,volt-absorb,natural-cure,iron-fist
924,tandemaus,50,50,45,40,45,75,normal,,run-away,pickup,own-tempo
925,maushold,74,75,70,65,75,111,normal,,friend-guard,cheek-pouch,technician
926,fidough,37,55,70,30,55,65,fairy,,own-tempo,klutz,
927,dachsbun,57,80,115,50,80,95,fairy,,well-baked-body,aroma-veil,
928,smoliv,41,35,45,58,51,30,grass,normal,early-bird,harvest,
929,dolliv,52,53,60,78,78,33,grass,normal,early-bird,harvest,
930,arboliva,78,69,90,125,109,39,grass,normal,seed-sower,harvest,
931,squawkabilly,82,96,51,45,51,92,normal,flying,intimidate,hustle,guts
932,nacli,55,55,75,35,35,25,rock,,purifying-salt,sturdy,clear-body
933,naclstack,60,60,100,35,65,35,rock,,purifying-salt,sturdy,clear-body
934,garganacl,100,100,130,45,90,35,rock,,purifying-salt,sturdy,clear-body
935,charcadet,40,50,40,50,40,35,fire,,flash-fire,flame-body,
936,armarouge,85,60,100,125,80,75,fire,psychic,flash-fire,weak-armor,
937,ceruledge,75,125,80,60,100,85,fire,ghost,flash-fire,weak-armor,
938,tadbulb,61,31,41,59,35,45,electric,,own-tempo,static,damp
939,bellibolt,109,64,91,103,83,45,electric,,electromorphosis,static,damp
940,wattrel,40,40,35,55,40,70,electric,flying,wind-power,volt-absorb,competitive
941,kilowattrel,70,70,60,105,60,125,electric,flying,wind-power,volt-absorb,competitive
942,maschiff,60,78,60,40,51,51,dark,,intimidate,run-away,stakeout
943,mabosstiff,80,120,90,60,70,85,dark,,intimidate,guard-dog,stakeout
944,shroodle,40,65,35,40,35,75,poison,normal,unburden,pickpocket,prankster
945,grafaiai,63,95,65,80,72,110,poison,normal,unburden,poison-touch,prankster
946,bramblin,40,65,30,45,35,60,grass,ghost,wind-rider,infiltrator,
947,brambleghast,55,115,70,80,70,90,grass,ghost,wind-rider,infiltrator,
948,toedscool,40,40,35,50,100,70,ground,grass,mycelium-might,mycelium-might,
949,toedscruel,80,70,65,80,120,100,ground,grass,mycelium-might,mycelium-might,
950,klawf,70,100,115,35,55,75,rock,,anger-shell,shell-armor,regenerator
951,capsakid,50,62,40,62,40,50,grass,,chlorophyll,insomnia,klutz
952,scovillain,65,108,65,108,65,75,grass,fire,chlorophyll,insomnia,moody
953,rellor,41,50,60,31,58,30,bug,,compound-eyes,shed-skin,
954,rabsca,75,50,85,115,100,45,bug,psychic,synchronize,telepathy,
955,flittle,30,35,30,55,30,75,psychic,,anticipation,frisk,speed-boost
956,espathra,95,60,60,101,60,105,psychic,,opportunist,frisk,speed-boost
957,tinkatink,50,45,45,35,64,58,fairy,steel,mold-breaker,own-tempo,pickpocket
958,tinkatuff,65,55,55,45,82,78,fairy,steel,mold-breaker,own-tempo,pickpocket
959,tinkaton,85,75,77,70,105,94,fairy,steel,mold-breaker,own-tempo,pickpocket
960,wiglett,10,55,25,35,25,95,water,,gooey,rattled,sand-veil
961,wugtrio,35,100,50,50,70,120,water,,gooey,rattled,sand-veil
962,bombirdier,70,103,85,60,85,82,flying,dark,big-pecks,keen-eye,rocky-payload
963,finizen,70,45,40,45,40,75,water,,water-veil,water-veil,
964,palafin,100,70,72,53,62,100,water,,zero-to-hero,zero-to-hero,
965,varoom,45,70,63,30,45,47,steel,poison,overcoat,slow-start,
966,revavroom,80,119,90,54,67,90,steel,poison,overcoat,filter,
967,cyclizar,70,95,65,85,65,121,dragon,normal,shed-skin,regenerator,
968,orthworm,70,85,145,60,55,65,steel,,earth-eater,sand-veil,
969,glimmet,48,35,42,105,60,60,rock,poison,toxic-debris,corrosion,
970,glimmora,83,55,90,130,81,86,rock,poison,toxic-debris,corrosion,
971,greavard,50,61,60,30,55,34,ghost,,pickup,fluffy,
972,houndstone,72,101,100,50,97,68,ghost,,sand-rush,fluffy,
973,flamigo,82,115,74,75,64,90,flying,fighting,scrappy,tangled-feet,costar
974,cetoddle,108,68,45,30,40,43,ice,,thick-fat,snow-cloak,sheer-force
975,cetitan,170,113,65,45,55,73,ice,,thick-fat,slush-rush,sheer-force
976,veluza,90,102,73,78,65,70,water,psychic,mold-breaker,sharpness,
977,dondozo,150,100,115,65,65,35,water,,unaware,oblivious,water-veil
978,tatsugiri,68,50,60,120,95,82,dragon,water,commander,storm-drain,
979,annihilape,110,115,80,50,90,90,fighting,ghost,vital-spirit,inner-focus,defiant
980,clodsire,130,75,60,45,100,20,poison,ground,poison-point,water-absorb,unaware
981,farigiraf,120,90,70,110,70,60,normal,psychic,cud-chew,armor-tail,sap-sipper
982,dudunsparce,125,100,80,85,75,55,normal,,serene-grace,run-away,rattled
983,kingambit,100,135,120,60,85,50,dark,steel,defiant,supreme-overlord,pressure
984,great-tusk,115,131,131,53,53,87,ground,fighting,protosynthesis,protosynthesis,
985,scream-tail,115,65,99,65,115,111,fairy,psychic,protosynthesis,protosynthesis,
986,brute-bonnet,111,127,99,79,99,55,grass,dark,protosynthesis,protosynthesis,
987,flutter-mane,55,55,55,135,135,135,ghost,fairy,protosynthesis,protosynthesis,
988,slither-wing,85,135,79,85,105,81,bug,fighting,protosynthesis,protosynthesis,
989,sandy-shocks,85,81,97,121,85,101,electric,ground,protosynthesis,protosynthesis,
990,iron-treads,90,112,120,72,70,106,ground,steel,quark-drive,quark-drive,
991,iron-bundle,56,80,114,124,60,136,ice,water,quark-drive,quark-drive,
992,iron-hands,154,140,108,50,68,50,fighting,electric,quark-drive,quark-drive,
993,iron-jugulis,94,80,86,122,80,108,dark,flying,quark-drive,quark-drive,
994,iron-moth,80,70,60,140,110,110,fire,poison,quark-drive,quark-drive,
995,iron-thorns,100,134,110,70,84,72,rock,electric,quark-drive,quark-drive,
996,frigibax,65,75,45,35,45,55,dragon,ice,thermal-exchange,ice-body,
997,arctibax,90,95,66,45,65,62,dragon,ice,thermal-exchange,ice-body,
998,baxcalibur,115,145,92,75,86,87,dragon,ice,thermal-exchange,ice-body,
999,gimmighoul,45,30,70,75,70,10,ghost,,rattled,rattled,
1000,gholdengo,87,60,95,133,91,84,steel,ghost,good-as-gold,good-as-gold,
1001,wo-chien,85,85,100,95,135,70,dark,grass,tablets-of-ruin,tablets-of-ruin,
1002,chien-pao,80,120,80,90,65,135,dark,ice,sword-of-ruin,sword-of-ruin,
1003,ting-lu,155,110,125,55,80,45,dark,ground,vessel-of-ruin,vessel-of-ruin,
1004,chi-yu,55,80,80,135,120,100,dark,fire,beads-of-ruin,beads-of-ruin,
1005,roaring-moon,105,139,71,55,101,119,dragon,dark,protosynthesis,protosynthesis,
1006,iron-valiant,74,130,90,120,60,116,fairy,fighting,quark-drive,quark-drive,
1007,koraidon,100,135,115,85,100,135,fighting,dragon,orichalcum-pulse,orichalcum-pulse,
1008,miraidon,100,85,100,135,115,135,electric,dragon,hadron-engine,hadron-engine,
1009,walking-wake,99,83,91,125,83,109,water,dragon,protosynthesis,protosynthesis,
1010,iron-leaves,90,130,88,70,108,104,grass,psychic,quark-drive,quark-drive,
1011,dipplin,80,80,110,95,80,40,grass,dragon,supersweet-syrup,gluttony,sticky-hold
1012,poltchageist,40,45,45,74,54,50,grass,ghost,hospitality,heatproof,
1013,sinistcha,71,60,106,121,80,70,grass,ghost,hospitality,heatproof,
1014,okidogi,88,128,115,58,86,80,poison,fighting,toxic-chain,zero-to-hero,
1015,munkidori,88,75,66,130,90,106,poison,psychic,toxic-chain,frisk,
1016,fezandipiti,88,91,82,70,125,99,poison,fairy,toxic-chain,technician,
1017,ogerpon,80,120,84,60,96,110,grass,,defiant,,
10001,deoxys-attack,50,180,20,180,20,150,psychic,,pressure,,
10002,deoxys-defense,50,70,160,70,160,90,psychic,,pressure,,
10003,deoxys-speed,50,95,90,95,90,180,psychic,,pressure,,
10004,wormadam-sandy,60,79,105,59,85,36,bug,ground,anticipation,overcoat,
10005,wormadam-trash,60,69,95,69,95,36,bug,steel,anticipation,overcoat,
10006,shaymin-sky,100,103,75,120,75,127,grass,flying,serene-grace,,
10007,giratina-origin,150,120,100,120,100,90,ghost,dragon,levitate,,
10008,rotom-heat,50,65,107,105,107,86,electric,fire,levitate,,
10009,rotom-wash,50,65,107,105,107,86,electric,water,levitate,,
10010,rotom-frost,50,65,107,105,107,86,electric,ice,levitate,,
10011,rotom-fan,50,65,107,105,107,86,electric,flying,levitate,,
10012,rotom-mow,50,65,107,105,107,86,electric,grass,levitate,,
10013,castform-sunny,70,70,70,70,70,70,fire,,forecast,,
10014,castform-rainy,70,70,70,70,70,70,water,,forecast,,
10015,castform-snowy,70,70,70,70,70,70,ice,,forecast,,
10016,basculin-blue-striped,70,92,65,80,55,98,water,,rock-head,adaptability,mold-breaker
10017,darmanitan-zen,105,30,105,140,105,55,fire,psychic,sheer-force,zen-mode,
10018,meloetta-pirouette,100,128,90,77,77,128,normal,fighting,serene-grace,,
10019,tornadus-therian,79,100,80,110,90,121,flying,,regenerator,,
10020,thundurus-therian,79,105,70,145,80,101,electric,flying,volt-absorb,,
10021,landorus-therian,89,145,90,105,80,91,ground,flying,intimidate,,
10022,kyurem-black,125,170,100,120,90,95,dragon,ice,teravolt,,
10023,kyurem-white,125,120,90,170,100,95,dragon,ice,turboblaze,,
10024,keldeo-resolute,91,72,90,129,90,108,water,fighting,justified,,
10025,meowstic-female,74,48,76,83,81,104,psychic,,keen-eye,infiltrator,competitive
10026,aegislash-blade,60,140,50,140,50,60,steel,ghost,stance-change,,
10027,pumpkaboo-small,44,66,70,44,55,56,ghost,grass,pickup,frisk,insomnia
10028,pumpkaboo-large,54,66,70,44,55,46,ghost,grass,pickup,frisk,insomnia
10029,pumpkaboo-super,59,66,70,44,55,41,ghost,grass,pickup,frisk,insomnia
10030,gourgeist-small,55,85,122,58,75,99,ghost,grass,pickup,frisk,insomnia
10031,gourgeist-large,75,95,122,58,75,69,ghost,grass,pickup,frisk,insomnia
10032,gourgeist-super,85,100,122,58,75,54,ghost,grass,pickup,frisk,insomnia
10033,venusaur-mega,80,100,123,122,120,80,grass,poison,thick-fat,,
10034,charizard-mega-x,78,130,111,130,85,100,fire,dragon,tough-claws,,
10035,charizard-mega-y,78,104,78,159,115,100,fire,flying,drought,,
10036,blastoise-mega,79,103,120,135,115,78,water,,mega-launcher,,
10037,alakazam-mega,55,50,65,175,105,150,psychic,,trace,,
10038,gengar-mega,60,65,80,170,95,130,ghost,poison,shadow-tag,,
10039,kangaskhan-mega,105,125,100,60,100,100,normal,,parental-bond,,
10040,pinsir-mega,65,155,120,65,90,105,bug,flying,aerilate,,
10041,gyarados-mega,95,155,109,70,130,81,water,dark,mold-breaker,,
10042,aerodactyl-mega,80,135,85,70,95,150,rock,flying,tough-claws,,
10043,mewtwo-mega-x,106,190,100,154,100,130,psychic,fighting,steadfast,,
10044,mewtwo-mega-y,106,150,70,194,120,140,psychic,,insomnia,,
10045,ampharos-mega,90,95,105,165,110,45,electric,dragon,mold-breaker,,
10046,scizor-mega,70,150,140,65,100,75,bug,steel,technician,,
10047,heracross-mega,80,185,115,40,105,75,bug,fighting,skill-link,,
10048,houndoom-mega,75,90,90,140,90,115,dark,fire,solar-power,,
10049,tyranitar-mega,100,164,150,95,120,71,rock,dark,sand-stream,,
10050,blaziken-mega,80,160,80,130,80,100,fire,fighting,speed-boost,,
10051,gardevoir-mega,68,85,65,165,135,100,psychic,fairy,pixilate,,
10052,mawile-mega,50,105,125,55,95,50,steel,fairy,huge-power,,
10053,aggron-mega,70,140,230,60,80,50,steel,,filter,,
10054,medicham-mega,60,100,85,80,85,100,fighting,psychic,pure-power,,
10055,manectric-mega,70,75,80,135,80,135,electric,,intimidate,,
10056,banette-mega,64,165,75,93,83,75,ghost,,prankster,,
10057,absol-mega,65,150,60,115,60,115,dark,,magic-bounce,,
10058,garchomp-mega,108,170,115,120,95,92,dragon,ground,sand-force,,
10059,lucario-mega,70,145,88,140,70,112,fighting,steel,adaptability,,
10060,abomasnow-mega,90,132,105,132,105,30,grass,ice,snow-warning,,
10061,floette-eternal,74,65,67,125,128,92,fairy,,flower-veil,symbiosis,
10062,latias-mega,80,100,120,140,150,110,dragon,psychic,levitate,,
10063,latios-mega,80,130,100,160,120,110,dragon,psychic,levitate,,
10064,swampert-mega,100,150,110,95,110,70,water,ground,swift-swim,,
10065,sceptile-mega,70,110,75,145,85,145,grass,dragon,lightning-rod,,
10066,sableye-mega,50,85,125,85,115,20,dark,ghost,magic-bounce,,
10067,altaria-mega,75,110,110,110,105,80,dragon,fairy,pixilate,,
10068,gallade-mega,68,165,95,65,115,110,psychic,fighting,inner-focus,,
10069,audino-mega,103,60,126,80,126,50,normal,fairy,healer,,
10070,sharpedo-mega,70,140,70,110,65,105,water,dark,strong-jaw,,
10071,slowbro-mega,95,75,180,130,80,30,water,psychic,shell-armor,,
10072,steelix-mega,75,125,230,55,95,30,steel,ground,sand-force,,
10073,pidgeot-mega,83,80,80,135,80,121,normal,flying,no-guard,,
10074,glalie-mega,80,120,80,120,80,100,ice,,refrigerate,,
10075,diancie-mega,50,160,110,160,110,110,rock,fairy,magic-bounce,,
10076,metagross-mega,80,145,150,105,110,110,steel,psychic,tough-claws,,
10077,kyogre-primal,100,150,90,180,160,90,water,,primordial-sea,,
10078,groudon-primal,100,180,160,150,90,90,ground,fire,desolate-land,,
10079,rayquaza-mega,105,180,100,180,100,115,dragon,flying,delta-stream,,
10080,pikachu-rock-star,35,55,40,50,50,90,electric,,static,lightning-rod,
10081,pikachu-belle,35,55,40,50,50,90,electric,,static,lightning-rod,
10082,pikachu-pop-star,35,55,40,50,50,90,electric,,static,lightning-rod,
10083,pikachu-phd,35,55,40,50,50,90,electric,,static,lightning-rod,
10084,pikachu-libre,35,55,40,50,50,90,electric,,static,lightning-rod,
10085,pikachu-cosplay,35,55,40,50,50,90,electric,,static,lightning-rod,
10086,hoopa-unbound,80,160,60,170,130,80,psychic,dark,magician,,
10087,camerupt-mega,70,120,100,145,105,20,fire,ground,sheer-force,,
10088,lopunny-mega,65,136,94,54,96,135,normal,fighting,scrappy,,
10089,salamence-mega,95,145,130,120,90,120,dragon,flying,aerilate,,
10090,beedrill-mega,65,150,40,15,80,145,bug,poison,adaptability,,
10091,rattata-alola,30,56,35,25,35,72,dark,normal,gluttony,hustle,thick-fat
10092,raticate-alola,75,71,70,40,80,77,dark,normal,gluttony,hustle,thick-fat
10093,raticate-totem-alola,75,71,70,40,80,77,dark,normal,gluttony,hustle,thick-fat
10094,pikachu-original-cap,35,55,40,50,50,90,electric,,static,lightning-rod,
10095,pikachu-hoenn-cap,35,55,40,50,50,90,electric,,static,lightning-rod,
10096,pikachu-sinnoh-cap,35,55,40,50,50,90,electric,,static,lightning-rod,
10097,pikachu-unova-cap,35,55,40,50,50,90,electric,,static,lightning-rod,
10098,pikachu-kalos-cap,35,55,40,50,50,90,electric,,static,lightning-rod,
10099,pikachu-alola-cap,35,55,40,50,50,90,electric,,static,lightning-rod,
10100,raichu-alola,60,85,50,95,85,110,electric,psychic,surge-surfer,,
10101,sandshrew-alola,50,75,90,10,35,40,ice,steel,snow-cloak,slush-rush,
10102,sandslash-alola,75,100,120,25,65,65,ice,steel,snow-cloak,slush-rush,
10103,vulpix-alola,38,41,40,50,65,65,ice,,snow-cloak,snow-warning,
10104,ninetales-alola,73,67,75,81,100,109,ice,fairy,snow-cloak,snow-warning,
10105,diglett-alola,10,55,30,35,45,90,ground,steel,sand-veil,tangling-hair,sand-force
10106,dugtrio-alola,35,100,60,50,70,110,ground,steel,sand-veil,tangling-hair,sand-force
10107,meowth-alola,40,35,35,50,40,90,dark,,pickup,technician,rattled
10108,persian-alola,65,60,60,75,65,115,dark,,fur-coat,technician,rattled
10109,geodude-alola,40,80,100,30,30,20,rock,electric,magnet-pull,sturdy,galvanize
10110,graveler-alola,55,95,115,45,45,35,rock,electric,magnet-pull,sturdy,galvanize
10111,golem-alola,80,120,130,55,65,45,rock,electric,magnet-pull,sturdy,galvanize
10112,grimer-alola,80,80,50,40,50,25,poison,dark,poison-touch,gluttony,power-of-alchemy
10113,muk-alola,105,105,75,65,100,50,poison,dark,poison-touch,gluttony,power-of-alchemy
10114,exeggutor-alola,95,105,85,125,75,45,grass,dragon,frisk,harvest,
10115,marowak-alola,60,80,110,50,80,45,fire,ghost,cursed-body,lightning-rod,rock-head
10116,greninja-battle-bond,72,95,67,103,71,122,water,dark,battle-bond,,
10117,greninja-ash,72,145,67,153,71,132,water,dark,battle-bond,,
10118,zygarde-10-power-construct,54,100,71,61,85,115,dragon,ground,power-construct,,
10119,zygarde-50-power-construct,108,100,121,81,95,95,dragon,ground,power-construct,,
10120,zygarde-complete,216,100,121,91,95,85,dragon,ground,power-construct,,
10121,gumshoos-totem,88,110,60,55,60,45,normal,,stakeout,strong-jaw,adaptability
10122,vikavolt-totem,77,70,90,145,75,43,bug,electric,levitate,,
10123,oricorio-pom-pom,75,70,70,98,70,93,electric,flying,dancer,,
10124,oricorio-pau,75,70,70,98,70,93,psychic,flying,dancer,,
10125,oricorio-sensu,75,70,70,98,70,93,ghost,flying,dancer,,
10126,lycanroc-midnight,85,115,75,55,75,82,rock,,keen-eye,vital-spirit,no-guard
10127,wishiwashi-school,45,140,130,140,135,30,water,,schooling,,
10128,lurantis-totem,70,105,90,80,90,45,grass,,leaf-guard,contrary,
10129,salazzle-totem,68,64,60,111,60,117,poison,fire,corrosion,oblivious,
10130,minior-orange-meteor,60,60,100,60,100,60,rock,flying,shields-down,,
10131,minior-yellow-meteor,60,60,100,60,100,60,rock,flying,shields-down,,
10132,minior-green-meteor,60,60,100,60,100,60,rock,flying,shields-down,,
10133,minior-blue-meteor,60,60,100,60,100,60,rock,flying,shields-down,,
10134,minior-indigo-meteor,60,60,100,60,100,60,rock,flying,shields-down,,
10135,minior-violet-meteor,60,60,100,60,100,60,rock,flying,shields-down,,
10136,minior-red,60,100,60,100,60,120,rock,flying,shields-down,,
10137,minior-orange,60,100,60,100,60,120,rock,flying,shields-down,,
10138,minior-yellow,60,100,60,100,60,120,rock,flying,shields-down,,
10139,minior-green,60,100,60,100,60,120,rock,flying,shields-down,,
10140,minior-blue,60,100,60,100,60,120,rock,flying,shields-down,,
10141,minior-indigo,60,100,60,100,60,120,rock,flying,shields-down,,
10142,minior-violet,60,100,60,100,60,120,rock,flying,shields-down,,
10143,mimikyu-busted,55,90,80,50,105,96,ghost,fairy,disguise,,
10144,mimikyu-totem-disguised,55,90,80,50,105,96,ghost,fairy,disguise,,
10145,mimikyu-totem-busted,55,90,80,50,105,96,ghost,fairy,disguise,,
10146,kommo-o-totem,75,110,125,100,105,85,dragon,fighting,bulletproof,soundproof,overcoat
10147,magearna-original,80,95,115,130,115,65,steel,fairy,soul-heart,,
10148,pikachu-partner-cap,35,55,40,50,50,90,electric,,static,lightning-rod,
10149,marowak-totem,60,80,110,50,80,45,fire,ghost,cursed-body,lightning-rod,rock-head
10150,ribombee-totem,60,55,60,95,70,124,bug,fairy,honey-gather,shield-dust,sweet-veil
10151,rockruff-own-tempo,45,65,40,30,40,60,rock,,own-tempo,,
10152,lycanroc-dusk,75,117,65,55,65,110,rock,,tough-claws,,
10153,araquanid-totem,68,70,92,50,132,42,water,bug,water-bubble,water-absorb,
10154,togedemaru-totem,65,98,63,40,73,96,electric,steel,iron-barbs,lightning-rod,sturdy
10155,necrozma-dusk,97,157,127,113,109,77,psychic,steel,prism-armor,,
10156,necrozma-dawn,97,113,109,157,127,77,psychic,ghost,prism-armor,,
10157,necrozma-ultra,97,167,97,167,97,129,psychic,dragon,neuroforce,,
10158,pikachu-starter,45,80,50,75,60,120,electric,,static,lightning-rod,
10159,eevee-starter,65,75,70,65,85,75,normal,,run-away,adaptability,anticipation
10160,pikachu-world-cap,35,55,40,50,50,90,electric,,static,lightning-rod,
10161,meowth-galar,50,65,55,40,40,40,steel,,pickup,tough-claws,unnerve
10162,ponyta-galar,50,85,55,65,65,90,psychic,,run-away,pastel-veil,anticipation
10163,rapidash-galar,65,100,70,80,80,105,psychic,fairy,run-away,pastel-veil,anticipation
10164,slowpoke-galar,90,65,65,40,40,15,psychic,,gluttony,own-tempo,regenerator
10165,slowbro-galar,95,100,95,100,70,30,poison,psychic,quick-draw,own-tempo,regenerator
10166,farfetchd-galar,52,95,55,58,62,55,fighting,,steadfast,scrappy,
10167,weezing-galar,65,90,120,85,70,60,poison,fairy,levitate,neutralizing-gas,misty-surge
10168,mr-mime-galar,50,65,65,90,90,100,ice,psychic,vital-spirit,screen-cleaner,ice-body
10169,articuno-galar,90,85,85,125,100,95,psychic,flying,competitive,,
10170,zapdos-galar,90,125,90,85,90,100,fighting,flying,defiant,,
10171,moltres-galar,90,85,90,100,125,90,dark,flying,berserk,,
10172,slowking-galar,95,65,80,110,110,30,poison,psychic,curious-medicine,own-tempo,regenerator
10173,corsola-galar,60,55,100,65,100,30,ghost,,weak-armor,cursed-body,
10174,zigzagoon-galar,38,30,41,30,41,60,dark,normal,pickup,gluttony,quick-feet
10175,linoone-galar,78,70,61,50,61,100,dark,normal,pickup,gluttony,quick-feet
10176,darumaka-galar,70,90,45,15,45,50,ice,,hustle,inner-focus,
10177,darmanitan-galar-standard,105,140,55,30,55,95,ice,,gorilla-tactics,zen-mode,
10178,darmanitan-galar-zen,105,160,55,30,55,135,ice,fire,gorilla-tactics,zen-mode,
10179,yamask-galar,38,55,85,30,65,30,ground,ghost,wandering-spirit,,
10180,stunfisk-galar,109,81,99,66,84,32,ground,steel,mimicry,,
10181,zygarde-10,54,100,71,61,85,115,dragon,ground,aura-break,,
10182,cramorant-gulping,70,85,55,85,95,85,flying,water,gulp-missile,,
10183,cramorant-gorging,70,85,55,85,95,85,flying,water,gulp-missile,,
10184,toxtricity-low-key,75,98,70,114,70,75,electric,poison,punk-rock,minus,technician
10185,eiscue-noice,75,80,70,65,50,130,ice,,ice-face,,
10186,indeedee-female,70,55,65,95,105,85,psychic,normal,own-tempo,synchronize,psychic-surge
10187,morpeko-hangry,58,95,58,70,58,97,electric,dark,hunger-switch,,
10188,zacian-crowned,92,150,115,80,115,148,fairy,steel,intrepid-sword,,
10189,zamazenta-crowned,92,120,140,80,140,128,fighting,steel,dauntless-shield,,
10190,eternatus-eternamax,255,115,250,125,250,130,poison,dragon,pressure,,
10191,urshifu-rapid-strike,100,130,100,63,60,97,fighting,water,unseen-fist,,
10192,zarude-dada,105,120,105,70,95,105,dark,grass,leaf-guard,,
10193,calyrex-ice,100,165,150,85,130,50,psychic,ice,as-one-glastrier,,
10194,calyrex-shadow,100,85,80,165,100,150,psychic,ghost,as-one-spectrier,,
10195,venusaur-gmax,80,82,83,100,100,80,grass,poison,overgrow,chlorophyll,
10196,charizard-gmax,78,84,78,109,85,100,fire,flying,blaze,solar-power,
10197,blastoise-gmax,79,83,100,85,105,78,water,,torrent,rain-dish,
10198,butterfree-gmax,60,45,50,90,80,70,bug,flying,compound-eyes,tinted-lens,
10199,pikachu-gmax,35,55,40,50,50,90,electric,,static,lightning-rod,
10200,meowth-gmax,40,45,35,40,40,90,normal,,pickup,technician,unnerve
10201,machamp-gmax,90,130,80,65,85,55,fighting,,guts,no-guard,steadfast
10202,gengar-gmax,60,65,60,130,75,110,ghost,poison,cursed-body,,
10203,kingler-gmax,55,130,115,50,50,75,water,,hyper-cutter,shell-armor,sheer-force
10204,lapras-gmax,130,85,80,85,95,60,water,ice,water-absorb,shell-armor,hydration
10205,eevee-gmax,55,55,50,45,65,55,normal,,run-away,adaptability,anticipation
10206,snorlax-gmax,160,110,65,65,110,30,normal,,immunity,thick-fat,gluttony
10207,garbodor-gmax,80,95,82,60,82,75,poison,,stench,weak-armor,aftermath
10208,melmetal-gmax,135,143,143,80,65,34,steel,,iron-fist,,
10209,rillaboom-gmax,100,125,90,60,70,85,grass,,overgrow,grassy-surge,
10210,cinderace-gmax,80,116,75,65,75,119,fire,,blaze,libero,
10211,inteleon-gmax,70,85,65,125,65,120,water,,torrent,sniper,
10212,corviknight-gmax,98,87,105,53,85,67,flying,steel,pressure,unnerve,mirror-armor
10213,orbeetle-gmax,60,45,110,80,120,90,bug,psychic,swarm,frisk,telepathy
10214,drednaw-gmax,90,115,90,48,68,74,water,rock,strong-jaw,shell-armor,swift-swim
10215,coalossal-gmax,110,80,120,80,90,30,rock,fire,steam-engine,flame-body,flash-fire
10216,flapple-gmax,70,110,80,95,60,70,grass,dragon,ripen,gluttony,hustle
10217,appletun-gmax,110,85,80,100,80,30,grass,dragon,ripen,gluttony,thick-fat
10218,sandaconda-gmax,72,107,125,65,70,71,ground,,sand-spit,shed-skin,sand-veil
10219,toxtricity-amped-gmax,75,98,70,114,70,75,electric,poison,punk-rock,plus,technician
10220,centiskorch-gmax,100,115,65,90,90,65,fire,bug,flash-fire,white-smoke,flame-body
10221,hatterene-gmax,57,90,95,136,103,29,psychic,fairy,healer,anticipation,magic-bounce
10222,grimmsnarl-gmax,95,120,65,95,75,60,dark,fairy,prankster,frisk,pickpocket
10223,alcremie-gmax,65,60,75,110,121,64,fairy,,sweet-veil,aroma-veil,
10224,copperajah-gmax,122,130,69,80,69,30,steel,,sheer-force,heavy-metal,
10225,duraludon-gmax,70,95,115,120,50,85,steel,dragon,light-metal,heavy-metal,stalwart
10226,urshifu-single-strike-gmax,100,130,100,63,60,97,fighting,dark,unseen-fist,,
10227,urshifu-rapid-strike-gmax,100,130,100,63,60,97,fighting,water,unseen-fist,,
10228,toxtricity-low-key-gmax,75,98,70,114,70,75,electric,poison,punk-rock,minus,technician
10229,growlithe-hisui,60,75,45,65,50,55,fire,rock,intimidate,flash-fire,rock-head
10230,arcanine-hisui,95,115,80,95,80,90,fire,rock,intimidate,flash-fire,rock-head
10231,voltorb-hisui,40,30,50,55,55,100,electric,grass,soundproof,static,aftermath
10232,electrode-hisui,60,50,70,80,80,150,electric,grass,soundproof,static,aftermath
10233,typhlosion-hisui,73,84,78,119,85,95,fire,ghost,blaze,frisk,
10234,qwilfish-hisui,65,95,85,55,55,85,dark,poison,poison-point,swift-swim,intimidate
10235,sneasel-hisui,55,95,55,35,75,115,fighting,poison,inner-focus,keen-eye,pickpocket
10236,samurott-hisui,90,108,80,100,65,85,water,dark,torrent,sharpness,
10237,lilligant-hisui,70,105,75,50,75,105,grass,fighting,chlorophyll,hustle,leaf-guard
10238,zorua-hisui,35,60,40,85,40,70,normal,ghost,illusion,,
10239,zoroark-hisui,55,100,60,125,60,110,normal,ghost,illusion,,
10240,braviary-hisui,110,83,70,112,70,65,psychic,flying,keen-eye,sheer-force,tinted-lens
10241,sliggoo-hisui,58,75,83,83,113,40,steel,dragon,sap-sipper,shell-armor,gooey
10242,goodra-hisui,80,100,100,110,150,60,steel,dragon,sap-sipper,shell-armor,gooey
10243,avalugg-hisui,95,127,184,34,36,38,ice,rock,strong-jaw,ice-body,sturdy
10244,decidueye-hisui,88,112,80,95,95,60,grass,fighting,overgrow,scrappy,
10245,dialga-origin,100,100,120,150,120,90,steel,dragon,pressure,telepathy,
10246,palkia-origin,90,100,100,150,120,120,water,dragon,pressure,telepathy,
10247,basculin-white-striped,70,92,65,80,55,98,water,,rattled,adaptability,mold-breaker
10248,basculegion-female,120,92,65,100,75,78,water,ghost,swift-swim,adaptability,mold-breaker
10249,enamorus-therian,74,115,110,135,100,46,fairy,flying,overcoat,,
10250,tauros-paldea-combat-breed,75,110,105,30,70,100,fighting,,intimidate,anger-point,cud-chew
10251,tauros-paldea-blaze-breed,75,110,105,30,70,100,fighting,fire,intimidate,anger-point,cud-chew
10252,tauros-paldea-aqua-breed,75,110,105,30,70,100,fighting,water,intimidate,anger-point,cud-chew
10253,wooper-paldea,55,45,45,25,25,15,poison,ground,poison-point,water-absorb,unaware
10254,oinkologne-female,115,90,70,59,90,65,normal,,aroma-veil,gluttony,thick-fat
10255,dudunsparce-three-segment,125,100,80,85,75,55,normal,,serene-grace,run-away,rattled
10256,palafin-hero,100,160,97,106,87,100,water,,zero-to-hero,zero-to-hero,
10257,maushold-family-of-three,74,75,70,65,75,111,normal,,friend-guard,cheek-pouch,technician
10258,tatsugiri-droopy,68,50,60,120,95,82,dragon,water,commander,storm-drain,
10259,tatsugiri-stretchy,68,50,60,120,95,82,dragon,water,commander,storm-drain,
10260,squawkabilly-blue-plumage,82,96,51,45,51,92,normal,flying,intimidate,hustle,guts
10261,squawkabilly-yellow-plumage,82,96,51,45,51,92,normal,flying,intimidate,hustle,sheer-force
10262,squawkabilly-white-plumage,82,96,51,45,51,92,normal,flying,intimidate,hustle,sheer-force
10263,gimmighoul-roaming,45,30,25,75,45,80,ghost,,run-away,run-away,
10264,koraidon-limited-build,100,135,115,85,100,135,fighting,dragon,orichalcum-pulse,orichalcum-pulse,
10265,koraidon-sprinting-build,100,135,115,85,100,135,fighting,dragon,orichalcum-pulse,orichalcum-pulse,
10266,koraidon-swimming-build,100,135,115,85,100,135,fighting,dragon,orichalcum-pulse,orichalcum-pulse,
10267,koraidon-gliding-build,100,135,115,85,100,135,fighting,dragon,orichalcum-pulse,orichalcum-pulse,
10268,miraidon-low-power-mode,100,85,100,135,115,135,electric,dragon,hadron-engine,hadron-engine,
10269,miraidon-drive-mode,100,85,100,135,115,135,electric,dragon,hadron-engine,hadron-engine,
10270,miraidon-aquatic-mode,100,85,100,135,115,135,electric,dragon,hadron-engine,hadron-engine,
10271,miraidon-glide-mode,100,85,100,135,115,135,electric,dragon,hadron-engine,hadron-engine,
10272,ursaluna-bloodmoon,113,70,120,135,65,52,ground,normal,minds-eye,,
10273,ogerpon-wellspring-mask,80,120,84,60,96,110,grass,water,water-absorb,,
10274,ogerpon-hearthflame-mask,80,120,84,60,96,110,grass,fire,mold-breaker,,
10275,ogerpon-cornerstone-mask,80,120,84,60,96,110,grass,rock,sturdy,,
